NPA,Area,Area,Population_Density_2016,Population _2016,Population_Density_2015,Population _2015,Population_Density_2013,Population _2013,Population_Density_2010,Population_2010,Population_Density_2000,Population _2000,Age_of_Residents_2015,Age_of_Residents_moe_2015,Youth_Population_2015,Youth_Population_moe_2015,Older_Adult_Population_2015,Older_Adult_Population_moe_2015,White_Population_2010,White_Population_2000,Black_Population_2010,Black_Population_2000,Asian_Population_2010,Asian_Population_2000,All_Other_Races_2010,All_Other_Races_2000,Hispanic_Latino_2010,Hispanic_Latino_2000,Vacant_Land_2017,Vacant_Land_Area_2017,Vacant_Land_2016,Vacant_Land_Area_2016,Vacant_Land_2015,Vacant_Land_Area_2015,Vacant_Land_2013,Vacant_Land_Area_2013,Vacant_Land_2011,Vacant_Land_Area_2011
2,411,411,5,2240,5,2216,5,2167,5,2039,6,2413,36,,14,5,8,2,52.8,43.4,33.7,37.8,1.5,7.2,2.8,3.2,9.2,8.5,4.3,18,4.3,18,4.3,18,4.3,18,4.3,18
3,1156,1156,7,7986,7,7938,7,7810,6,6563,5,5694,35,,13,2,10,2,83.7,85.7,10.2,10.7,2.1,0.7,1.9,1.3,2.1,1.5,2.4,27,2.4,27,2.5,29,2.8,33,3.2,36
4,329,329,3,1080,3,1078,3,1065,3,1002,5,1535,47,8,27,9,24,6,93.3,87.8,1.6,5.1,3.5,3.1,0.7,1.5,0.9,2.5,4.3,14,4.3,14,5.1,17,5.1,17,5.1,17
5,167,167,5,790,4,745,5,763,4,603,4,659,33,17,36,12,4,4,8.6,21.2,83.3,73.4,2,0.2,3.5,1.2,2.7,4,21.4,36,21.4,36,21.4,36,21.4,36,21.4,36
6,403,403,5,1853,4,1724,4,1775,4,1638,5,2024,42,,18,5,9,4,14.7,23.2,78.6,72.9,1.1,0.3,1.7,2.2,3.8,1.5,7.7,31,7.7,31,7.7,31,7.7,31,7.7,31
7,548,548,2,1308,2,1310,2,1293,2,1193,2,1169,46,4,33,6,8,4,95.3,98.3,0.4,0.6,1.8,0.8,1.2,0,1.3,0.3,1.8,10,1.8,10,2.2,12,2.2,12,2.3,13
8,597,597,3,1858,3,1850,3,1515,3,1761,2,1346,39,9,20,7,17,4,78.6,84,11.8,9.3,3.6,1.7,1.8,1.6,4.2,3.5,2,12,2,12,2.3,14,2.3,14,2.4,14
9,94,94,7,620,6,607,6,583,6,538,7,608,35,7,10,7,8,5,71.4,62.8,17.7,29.9,2.4,1,2,2.8,6.5,3.5,3.2,3,3.2,3,3.2,3,3.2,3,3.2,3
10,551,551,7,3785,7,3735,6,3561,6,3355,7,3711,38,,19,4,12,3,32.2,34.7,52,50.1,4.3,4.6,2.5,2.5,9,8.1,2.9,16,2.9,16,2.9,16,2.9,16,2.9,16
11,510,510,5,2642,5,2623,5,2563,5,2357,4,2084,35,,25,6,6,2,91.5,95.3,2.5,1.6,2.5,0.9,2,0.8,1.5,1.5,3.7,19,3.8,19,3.8,19,3.8,19,3.8,19
12,159,159,17,2723,17,2677,17,2636,16,2496,15,2426,28,,26,5,5,1,14.5,41.6,46.7,28.6,5.7,7.6,3.2,2.9,29.9,19.3,1.2,2,1.2,2,1.2,2,1.2,2,1.2,2
13,457,457,8,3590,8,3583,8,3551,7,3348,8,3456,35,,15,5,13,4,47.4,56.7,21.6,13.6,2.4,4.3,2.1,2.4,26.6,23,1.4,6,1.3,6,1.3,6,1.3,6,1.6,7
14,436,436,9,3779,9,3784,9,3741,8,3669,6,2654,31,,19,6,5,4,27.8,60.6,44,27.1,16.5,6,3.5,2.9,8.1,3.4,6.1,27,6.1,27,6.1,27,6.1,27,6.1,27
15,690,690,3,2154,3,2141,3,2064,3,2010,3,2118,53,,20,5,35,5,79.4,86.7,8.8,5.4,4.2,5.2,2.4,1,5.1,1.7,4.2,29,4.2,29,4.2,29,3.6,25,3.6,25
16,724,725,7,4759,7,4750,6,4647,6,4587,5,3959,28,,26,4,10,2,31.6,56.7,44.6,29.4,3.1,5.3,3,2.7,17.6,6,2.6,19,2.1,15,2.1,15,2.1,15,2.1,15
17,454,454,7,3375,7,3387,7,3362,7,3047,7,3194,41,,19,6,14,3,7,15.4,73.9,73.9,3.3,6.4,2.3,1.8,13.5,2.6,2.2,10,2.2,10,1.7,8,1.7,8,1.7,8
18,615,615,5,3361,6,3433,5,3234,5,2968,3,2125,34,,21,5,8,3,83.6,81.8,10,13.1,2.2,1.1,1.6,1.1,2.6,2.9,8,49,8,49,9,55,9,55,9,55
19,838,838,4,3658,4,3654,4,3596,4,3480,5,3805,42,,18,4,21,3,88.2,93,4.1,1.8,2,2,1.8,1.4,3.9,1.7,2.6,22,2.6,22,2.6,22,2.9,24,2.9,24
20,399,399,8,3145,8,3145,8,3145,7,2975,3,1123,41,,19,6,16,4,76.9,87,5.7,4,6.7,3.8,2.2,1.4,8.6,3.8,3.2,13,4,16,4.2,17,4,16,4,16
21,912,912,3,3005,3,2984,3,2890,3,2622,2,2177,30,4,32,6,3,2,11.7,15.6,54.6,57.8,2.7,0.4,1.9,1.8,29.1,24.4,8.4,76,8.1,74,9.7,88,9.1,83,9.1,83
22,314,314,3,984,3,961,3,897,2,736,2,667,36,6,15,5,7,5,37.9,3.9,49.9,68.7,8.2,13.6,1.5,1.5,2.6,12.3,8.7,27,8.6,27,8.6,27,11.7,37,11.7,37
23,281,281,4,1113,4,1112,4,1081,4,1100,5,1413,35,21,17,11,8,4,40.3,57.2,44.3,32.4,1.7,3,4.5,1.5,9.3,5.9,13.5,38,14.5,41,14.5,41,14.5,41,14.5,41
24,180,180,6,1125,6,1129,7,1201,6,1129,7,1231,26,6,35,9,11,3,47.4,52.9,5.5,10.5,2.2,7.9,0.9,1.5,44,27.3,3.4,6,3.5,6,3.5,6,3.5,6,3.5,6
25,653,653,5,2974,5,2958,5,2958,4,2829,4,2604,42,1,25,6,12,3,85.9,91.1,3.8,3,4.7,3.4,1.7,0.8,3.8,1.7,4.5,30,4.5,29,4.5,29,4.5,29,3,20
26,1129,1128,3,3094,3,3096,3,3088,3,2980,3,2841,34,5,31,6,8,3,56.4,74.2,31.5,20.1,1.5,2.4,3.4,1.2,7.2,2.2,21.6,244,21.8,246,21.8,246,21.8,246,21.8,246
27,321,321,8,2716,8,2719,8,2719,8,2656,4,1187,38,4,19,7,9,3,36.9,68.5,32.1,17.6,3.9,4.1,2.6,2.9,24.6,6.9,5.7,18,6.4,21,6.4,21,6.5,21,6.5,21
28,194,194,6,1173,6,1197,6,1176,5,946,4,763,42,6,28,9,21,8,95.7,95.5,1.8,1.8,0.7,1.3,0.3,1.1,1.5,0.3,0.2,0,0.2,0,1.2,2,1.2,2,1.2,2
29,408,408,3,1237,3,1237,3,1240,3,1172,3,1076,45,7,19,5,23,5,88,92.8,2.9,2.2,2.9,1.6,1.6,1,4.6,2.4,3.8,16,3.2,13,3.2,13,3.2,13,3.2,13
30,477,477,5,2420,4,2091,3,1235,3,1204,3,1231,26,7,37,10,3,2,1.9,3.7,91.6,93.9,0.2,0,1.3,1.4,5,1,3.6,17,3.6,17,3.6,17,3.6,17,7.4,35
31,385,385,4,1674,4,1666,4,1650,4,1599,4,1631,45,4,23,5,14,4,94.8,97.1,1.3,1.3,1.3,0.9,1.3,0.5,1.4,0.3,1.3,5,1.1,4,1.7,6,1.7,6,1.7,6
32,87,87,4,337,4,337,4,337,4,317,3,295,56,12,4,8,25,16,77.6,91.9,9.5,5.1,0.6,0,3.2,2.4,9.1,0.7,14.4,37,0,0,0,0,0,0,0,0
33,259,259,5,1347,5,1347,5,1320,5,1259,4,1093,30,5,24,12,7,8,14.1,55.4,29.6,29.3,44.6,10.4,4.5,2,7.1,2.8,36.4,338,15.9,41,15.9,41,15.9,41,15.9,41
34,928,928,2,2217,2,2177,2,2098,2,1787,2,1703,47,15,21,10,11,4,32.3,54.5,47.4,37.5,3.4,2.2,2.7,1.8,14.2,4,44.8,1022,41.1,382,29.4,273,29.4,273,29.4,273
35,2279,2279,1,2126,1,1900,1,1673,1,1657,1,1156,38,9,25,8,16,4,62.8,92.4,20.4,3.5,2.8,1.5,2.3,1.4,11.8,1.3,4.4,26,45,1025,45,1025,47.9,1091,47.9,1091
36,594,594,5,2858,5,2854,4,2408,4,2268,4,2455,40,7,15,3,17,4,79.5,86.7,8.3,7.8,2.1,2.1,3,1.5,7.1,1.9,9.7,24,3.9,23,4.6,27,4.2,25,8.3,49
37,243,243,8,1857,8,1847,7,1788,7,1696,9,2308,31,4,28,5,7,2,10.7,2,78.7,87.6,4,5.2,3.2,1.2,3.4,4.1,12.8,239,9.7,24,9.7,24,9.7,24,9.6,23
38,1875,1887,1,2397,1,2397,1,2397,1,2319,1,2296,33,4,29,6,7,2,66.7,79.6,21.6,11.8,4,5.4,2.4,1.1,5.3,2.1,16.4,109,13,243,12.9,243,12.9,243,11.6,218
39,669,669,4,2865,4,2801,4,2716,4,2494,2,1447,32,5,34,4,10,4,27.4,62.3,47.3,30.6,2.4,2.2,2.9,1.6,20,3.3,5.6,19,16.3,109,16.3,109,16.3,109,16.3,109
40,348,348,9,3196,9,3171,9,3128,8,2868,3,1144,24,5,40,5,5,2,10.3,28,58.8,58.3,2.3,3.6,2.6,1.1,26.1,9.1,3.3,10,5.4,19,5.4,19,5.5,19,5.5,19
41,313,313,5,1569,5,1569,5,1569,5,1442,5,1588,40,8,24,7,12,3,75,84.3,11.2,7.9,3,1.4,2.4,2,8.5,4.5,0,0,3.3,10,3.3,10,3.3,10,3.3,10
42,352,352,7,2535,7,2526,7,2494,7,2331,7,2475,35,3,22,5,14,3,84.3,90.3,7.3,3.4,2.7,1.9,1.7,0.7,3.9,3.8,1.3,5,0,0,8.1,29,8.1,29,8.1,29
43,358,358,4,1569,4,1566,4,1514,4,1410,4,1414,36,6,26,11,10,4,81,87.8,7.4,3.8,3.1,3.7,1.3,1.1,7.2,3.7,8.4,19,1.4,5,6.2,22,6.2,22,6.2,22
44,223,223,4,920,4,899,4,876,4,819,3,731,28,2,23,13,3,3,74.1,90.3,10.1,3.2,3.9,3.6,3.8,0.8,8.1,2.2,35.5,343,8.5,19,12.2,27,12.2,27,12.2,27
45,965,952,4,3442,3,3315,3,3092,3,2617,0,171,34,2,33,5,5,2,48.6,97.2,22.4,0.1,13.2,0.5,3.1,1,12.7,1.5,1.5,4,35.6,343,36,343,35.4,337,42.8,407
46,287,287,9,2475,9,2471,9,2476,8,2238,6,1746,24,1,20,6,6,3,36.2,54.4,43.4,32.1,3.8,6.1,3.1,2.4,13.5,5,1.9,3,1.2,3,1.2,3,1.2,3,1.2,3
47,139,139,8,1170,8,1174,8,1170,7,1002,8,1080,37,7,13,8,19,8,72.7,84.9,8.6,5.6,12.8,7.1,1.4,0.7,4.6,1.8,16.4,311,1.8,3,1.8,3,1.8,3,1.8,3
48,1896,1896,1,1822,1,1834,1,1815,1,1761,0,585,33,6,31,3,7,2,27.6,75.4,38.2,18.3,2.4,1.7,2,1.5,29.7,3.1,12.6,151,16.4,311,16.4,311,16.4,311,16.4,311
49,1204,1204,2,2663,2,2627,2,2573,2,2405,1,1228,42,7,23,6,10,3,39.9,88.8,45.3,8.4,3.1,1.3,4.3,0.4,7.4,1.1,1.2,3,12.6,151,12.6,151,12.6,151,12.6,151
50,268,268,11,3071,12,3078,11,3016,11,2823,9,2493,31,6,30,6,8,2,13.8,31.1,38.6,55.9,8.4,1.5,1.9,3.3,37.3,8.2,8.3,24,1.2,3,1.2,3,1.2,3,1.2,3
51,282,282,5,1457,5,1384,5,1368,4,1211,3,848,32,2,4,2,6,4,48.9,10.9,44.3,85.6,2.6,0.2,2.3,1.4,1.9,1.9,3.4,17,8.4,24,8.4,24,8.4,24,8.6,24
52,501,501,3,1458,3,1457,5,2365,4,2017,5,2327,27,3,25,6,4,2,17.7,25.7,39.6,26.9,1.8,3.6,3.5,3.2,37.5,40.7,15.5,68,3.4,17,3.4,17,3.4,17,3.4,17
53,437,437,8,3511,8,3491,7,2980,6,2727,6,2650,30,4,31,5,8,3,6,9.3,57.5,75.9,0.6,0.5,1.8,1.8,34.1,12.6,32.4,270,16,70,16,70,15.9,69,15.9,69
54,834,833,2,1780,2,1771,2,1764,2,1587,1,1116,37,10,16,6,17,5,25.3,57.2,27.1,27.2,2.3,1.3,3,4.8,42.3,9.5,6.8,38,32.6,271,32.6,271,32.6,271,32.6,271
55,553,553,4,2028,4,2020,4,2001,4,1937,4,2115,43,6,21,6,19,7,75.8,80.8,6.1,4.6,5.4,10.3,3.1,1.6,9.4,2.7,13.3,39,7,39,7,39,7,39,7,39
56,293,293,3,775,3,775,3,765,2,694,2,700,50,2,19,7,17,8,75.2,81,9.2,8.4,2.2,7.1,2.4,0.9,11,2.6,9.4,16,14.2,42,14.2,42,14.2,42,14.2,42
57,168,168,10,1635,10,1611,10,1597,6,1071,11,1771,27,4,29,9,5,3,19.6,22.9,42.5,37.7,4.2,3.1,3.6,2.4,30.1,33.9,2.9,6,9.4,16,9.4,16,9.4,16,9.4,16
58,219,219,7,1519,7,1508,7,1521,6,1324,6,1355,29,5,33,6,8,3,19.8,32.4,47.4,26.9,4.4,3.9,1.8,3.2,26.6,33.6,14.7,51,2.9,6,2.9,6,2.9,6,2.9,6
59,345,345,7,2568,7,2515,7,2383,7,2388,7,2245,28,2,30,6,6,2,22.4,45.1,52.4,38.8,3.1,4.2,3.4,3.2,18.8,8.8,22.8,183,14.8,51,14.8,51,14.8,51,14.8,51
60,801,801,5,4352,4,3544,4,3225,4,3334,3,2561,22,1,8,4,1,1,39.9,60.1,22.9,18.7,17.7,5.4,3,2.7,16.5,13.2,10.4,31,22.8,183,22.8,183,23.2,186,23.2,186
61,301,301,4,1202,4,1200,4,1199,4,1156,3,756,24,5,23,4,3,2,45,54.4,40.3,32.7,4.3,6.7,3.5,2.1,6.8,4.2,9.3,35,16,48,16,48,16,48,16,48
62,291,291,3,5491,19,5404,18,5127,10,2808,11,3299,20,,1,1,0,1,66,61.1,22.6,31.1,3.3,3.5,2.7,2.3,5.3,2,36.1,130,0,0,0,0,0,0,0,0
64,382,382,12,4523,12,4491,11,4335,10,3827,6,2301,30,,9,,6,,42.8,57.4,34.6,22.4,7.3,10.7,3.6,2.5,11.6,7,7.7,28,9.3,35,9.3,35,9.5,36,9.5,36
65,361,361,5,1701,6,2212,5,1777,5,1638,1,351,29,1,13,5,3,3,50.8,71.2,25.5,12.8,15.7,5.4,4.4,2,3.7,8.6,38.9,39,38.5,139,43.5,157,38.5,139,38.5,139
66,368,365,7,2737,7,2725,7,2557,7,2587,6,2311,29,4,4,4,11,5,37.6,62.7,32.6,18.4,19.6,13.8,2.6,1.2,7.6,3.9,26.4,334,5.3,20,5.3,20,5.3,20,5.3,20
67,99,99,12,1170,12,1169,6,565,6,551,1,82,23,6,17,10,5,10,37.4,69.1,43.4,15.7,12,11.4,3.6,2.3,3.6,1.2,1,4,38.9,38,38.9,38,38.9,38,38.9,38
68,1265,1269,2,2479,2,2481,2,2479,2,2667,2,2603,38,4,21,6,10,5,49.8,65.5,28.2,22.7,3.5,3.8,3.7,2.1,14.8,5.9,2.1,6,26.4,334,26.3,334,26.3,334,26.3,334
69,380,380,3,1276,3,1118,4,1454,3,1181,3,1102,44,4,22,6,19,6,85.5,82.5,4.7,1.8,4.6,7.8,1.7,1.7,3.6,6.2,3.7,13,1,4,1,4,1,4,1,4
70,296,296,4,1288,4,1277,4,1258,4,1249,5,1342,51,5,15,11,21,4,1.9,2.2,95.8,96.5,0,0,1,0.9,1.2,0.4,25.8,300,2.1,6,2.1,6,2.1,6,2.1,6
71,355,355,12,4178,12,4161,12,4121,9,3265,7,2348,27,1,37,5,2,1,8.9,18.5,25.5,22.5,1.9,2.6,1.3,2.2,62.4,54.2,33.8,1380,2.9,10,2.9,10,2.9,10,2.9,10
72,1164,1163,2,2661,2,2766,1,1305,1,1278,0,548,37,4,17,6,2,2,48.1,65.7,39.4,23.5,3.7,5.5,3,3.3,5.9,2,1,2,25.8,300,25.8,300,25.8,300,25.8,300
73,4078,4079,1,2938,1,2855,1,2780,1,2854,0,1385,37,3,26,7,11,3,45.9,81.5,34.3,13,4.3,2.3,4.2,0.7,11.2,2.6,5.7,20,33.4,1360,33.4,1360,33.4,1360,33.4,1360
74,200,200,6,1140,6,1139,6,1117,5,1089,6,1132,48,17,6,4,15,6,81.5,86,8.4,7,1.3,2.4,2.1,1.7,6.7,3,20.9,271,1,2,1,2,1,2,1,2
75,343,339,6,2059,6,2059,5,1787,5,1639,0,80,42,6,29,9,8,4,71.6,93.8,12.1,2.5,6.2,3.8,3.2,0,6.8,0,28.1,287,5.7,20,17.4,59,6,20,6,20
76,1299,1296,3,3335,2,3193,2,2465,1,1935,1,987,39,6,28,6,4,2,56.4,88.2,26.5,5.3,6.5,3.5,2.4,1.2,8.2,1.9,9.3,59,19.4,252,19.4,252,19.4,252,19.4,252
77,1023,1026,6,5972,6,5972,5,5533,4,4224,0,344,30,4,26,6,5,2,37.6,78.2,32.6,15.4,4.4,3.5,2.6,0.6,22.8,2.3,1.9,1,28.1,287,28,287,28,287,28,287
78,634,630,3,2068,3,2052,3,1958,3,1679,2,1101,27,2,24,6,4,3,47.2,73,28,15.1,8.1,6.7,4.4,2,12.3,3.2,52.7,364,9.3,59,9.3,59,9.2,58,9.2,58
79,73,73,24,1744,24,1737,31,2282,21,1546,23,1718,29,3,31,4,1,1,3.2,7,22.7,38.8,0,1.1,0.6,2.3,73.5,50.9,14,27,1.9,1,1.9,1,1.9,1,1.9,1
80,689,689,3,2197,3,2196,3,2214,3,2050,1,483,25,3,15,10,1,2,39,73.4,41.6,16.2,7.4,6.4,2.8,0.9,9.2,3.1,26.5,99,52.7,363,52.8,363,52.8,363,52.8,363
81,191,193,6,1176,6,1176,6,1176,6,1128,4,792,35,6,19,7,8,5,53.3,73.4,26.3,13,6.5,8.7,2.3,2.2,11.6,2.8,59.7,1433,14,27,13.8,27,13.8,27,13.8,27
82,374,380,8,3175,7,2526,7,2526,5,1768,0,32,32,4,39,10,3,3,42,100,27.6,0,11,0,3.2,0,16.2,0,48.5,1205,26.5,99,26.1,99,26.1,99,26.1,99
83,2399,2399,0,852,0,848,0,850,1,1495,0,1008,31,7,32,9,11,3,43.5,79.4,7.6,14.8,7.8,1.2,3.8,1.8,37.3,2.8,8.6,24,59.7,1432,59.7,1432,59.9,1438,59.9,1438
84,2482,2485,0,635,0,695,0,728,0,628,0,838,48,8,19,12,16,7,72.9,68.8,13.4,23.6,3.2,0,1.6,2.1,8.9,5.5,1,1,48.5,1205,48.5,1205,48.5,1205,48.5,1205
85,276,276,7,1993,7,1980,7,1965,7,1791,7,1820,33,6,32,5,11,3,0.7,1,93.7,94.3,0.9,0.2,2.7,1,2,3.5,2.9,6,8.6,24,8.6,24,8.6,24,8.6,24
86,99,99,32,3145,32,3129,29,2896,23,2297,23,2323,28,1,27,6,5,2,8.3,9,40.1,61.4,16.9,2.4,3.5,3.7,31.2,23.5,11.2,48,1,1,1,1,1,1,1,1
87,196,196,8,1658,8,1655,9,1668,8,1554,7,1357,46,5,15,7,16,5,35.1,45.9,22.7,40.1,22.7,2.4,3,3.2,16.5,8.3,7.3,17,2.9,6,2.9,6,2.9,6,2.9,6
88,430,430,3,1214,3,1213,3,1279,3,1182,4,1620,30,7,26,6,8,3,5.1,6.8,82.4,85.9,8.7,4.2,1.9,2.2,1.9,0.9,3,8,11.3,48,11.3,48,11.3,48,11.3,48
89,238,238,6,1529,6,1531,6,1502,6,1456,6,1441,34,8,30,11,7,3,29.8,47.8,41.4,38.8,3.7,4.7,5.6,1.8,19.4,6.9,4.4,12,7.4,18,7.4,18,7.4,18,7.4,18
90,250,250,8,2002,8,1997,8,1969,7,1776,8,1978,31,3,24,6,7,3,26,35.2,28.1,22.2,5.7,2.4,1.6,1.7,38.6,38.5,19.7,54,3,8,3,8,3,8,3,8
91,283,283,9,2411,9,2410,8,2369,8,2250,7,2035,35,6,34,7,6,2,36.6,61.7,33.7,27.6,1.1,2.3,4.1,1.4,24.5,7,25.3,148,4.1,12,4.1,12,4.1,12,4.1,12
92,272,270,9,2406,9,2381,7,1894,6,1495,0,3,31,1,12,4,2,2,44,,40.5,,5.8,,3.1,,6.7,,16.9,111,19.8,54,19.9,54,19.9,54,19.9,54
93,586,586,2,1373,2,1365,2,1353,2,1236,2,1165,35,8,18,8,2,2,17.3,51.9,51.8,28.2,6.4,7.7,3.4,2.2,21.1,10,2.8,12,25.3,148,26.1,153,27.2,160,27.2,160
94,656,656,2,1101,2,1098,2,1089,2,1035,2,1177,40,6,24,5,12,2,3.8,3.9,75.7,92.4,1.4,0.6,1,1.2,18.2,1.9,28.2,203,16.9,111,16.9,111,16.9,111,16.9,111
95,442,444,4,1673,4,1673,4,1673,4,1597,2,1012,35,12,26,11,11,5,35.7,49.5,30.7,28.6,13.3,12.9,2.7,1.9,17.6,7.2,5,27,2.8,12,2.8,12,2.8,12,2.8,12
96,719,723,6,4417,6,4272,5,3410,4,3232,2,1750,33,3,26,6,6,2,28.5,47.7,41.6,39.4,6.5,5.6,2.7,1.4,20.7,6,28.9,463,28.2,202,28,202,28,202,28,202
97,549,544,7,3797,7,3794,7,3782,7,3551,4,2404,36,4,22,5,8,3,54.4,77.1,23.2,11.7,3.7,4.7,2.2,1.5,16.6,5.1,3.2,13,4.3,24,4.4,24,4.4,24,4.4,24
98,1602,1602,2,2820,2,2739,2,2648,1,2394,0,346,32,2,34,12,8,4,23.5,83.5,49.7,9.8,2.1,0,4.1,0.6,20.6,6.1,3,21,29,464,29.2,468,29.2,468,29.2,468
99,397,397,4,1534,4,1533,4,1538,4,1468,4,1638,41,3,17,5,15,4,64.5,75.2,20.1,14.5,4.1,4.5,2.2,1.7,9.1,4.2,6.6,8,3.4,14,2.8,11,2.8,11,2.8,11
100,719,719,2,1736,2,1724,2,1668,3,1813,3,1960,42,15,25,7,14,3,7.1,13.2,75.9,79.7,1.9,0.3,2.4,1.3,12.7,5.4,5.2,10,2.8,20,2.8,20,2.8,20,2.8,20
101,126,126,19,2339,18,2330,18,2284,14,1819,17,2183,26,5,34,5,1,1,1.5,3.4,34.2,46.1,0,0.3,1.3,0.6,63,49.5,19.6,26,6.7,8,6.7,8,6.7,8,6.7,8
102,197,197,8,1480,7,1474,7,1443,7,1337,7,1347,28,9,23,5,10,5,12.6,23.8,51.6,52.6,4.2,4.4,3.7,3.2,27.8,16.1,5.5,12,5.2,10,5.2,10,5.2,10,5.2,10
103,134,136,12,1572,12,1567,11,1514,10,1346,7,894,32,8,24,7,12,4,8.3,9.8,51.9,59.1,1.5,11.2,0.8,3.5,37.5,16.4,1.1,2,19.6,26,19.4,26,14.8,20,14.8,20
105,222,222,8,1701,6,1364,5,1031,4,847,2,507,36,4,14,7,13,6,62.1,58.8,21.7,33.5,5.4,3.9,2,3,8.7,0.8,3.5,6,5.4,12,10.1,22,10.1,22,10.1,22
106,152,152,11,1614,11,1615,10,1579,8,1256,10,1511,35,6,24,11,5,5,16.2,29.3,25.9,22.6,3.7,8.9,2.5,2.1,51.7,37.1,17.8,102,1.1,2,1.1,2,1.1,2,1.1,2
107,160,160,9,1404,14,2228,14,2228,12,1985,9,1425,27,2,20,8,3,2,28.8,55.8,44.3,23.9,2.1,6,7.1,2.3,17.7,12,16.4,204,3.1,5,3.1,5,5.5,9,5.5,9
108,572,572,3,1433,3,1436,3,1431,2,1319,2,1121,30,7,20,6,6,5,55.3,64,25.5,18.6,3.3,5,3,2.6,12.8,9.9,20.1,280,17.9,102,17.9,102,17.3,99,17.3,99
109,1246,1241,2,2554,2,2460,2,2304,2,2147,1,1126,38,5,30,9,8,3,66.4,92.2,25.9,2.8,3,2.8,1.6,1.1,3,1.2,38,285,16.4,204,16.5,204,16.5,204,16.5,204
110,1393,1393,1,1856,1,1844,1,1860,1,1671,1,807,39,11,19,7,13,4,57.9,93.1,30.6,4.6,2.4,1,2.2,0.1,6.9,1.3,31.3,512,20.1,280,20.1,280,20.1,280,20.1,280
111,752,764,4,3002,4,3194,4,2888,3,2274,1,451,36,4,30,6,6,3,24.7,59.7,41.2,25.1,12.1,8.4,2.8,1.3,19.2,5.5,17.6,235,37.9,285,37.5,287,26.9,206,26.9,206
112,1636,1629,1,1555,1,1468,1,1391,1,1280,0,733,39,3,23,8,14,6,49.3,93.5,38.9,3.2,5,1.8,2.3,0.7,4.5,0.9,21.9,144,31.3,512,31.4,512,31.4,512,31.4,512
113,1338,1335,3,4083,3,4007,3,3768,3,3630,1,929,31,3,31,5,3,2,23.9,76.2,62.2,19.9,2.3,1.2,3.4,1,8.1,1.7,8.9,64,17.6,235,17.6,235,17.6,235,17.6,235
114,658,655,2,1281,2,1251,2,1210,2,1206,3,1842,35,10,25,8,8,5,9,11.7,68.9,58.4,7,4.7,3.2,1.9,11.9,23.3,25.3,924,21.9,144,22,144,22,144,22,144
115,718,718,7,4927,7,4849,6,3958,5,3312,2,1135,34,3,36,5,5,3,80.8,89.4,6.5,2.2,6.3,3.7,2.1,1.4,4.3,3.4,6.4,63,9,64,9,64,19.5,140,19.5,140
116,3659,3659,1,3870,1,3774,1,3514,1,2817,0,1335,29,2,32,5,6,2,13.2,21.8,39,58.5,1.9,1.4,1.7,3.2,44.2,15.1,4,13,25.3,927,25.3,927,25.3,927,25.3,927
117,990,990,4,4052,4,3980,4,3762,3,3308,1,622,27,2,31,6,2,1,14.4,68.9,67.2,15.9,2.3,5.9,1.7,2.6,14.4,6.7,16.1,164,6.3,63,6.3,63,6.2,62,6.2,62
118,320,320,4,1256,4,1238,4,1204,4,1159,4,1193,44,5,29,6,13,4,84.6,90.5,3.9,2.2,5.7,3.1,1.1,1.6,4.7,2.6,11.7,45,4,13,4,13,4,13,4,13
119,1018,1018,1,1360,1,1354,1,1340,1,1311,1,1083,36,6,22,8,9,5,41.1,69.7,23,7.9,21.1,18.9,3,2.5,11.9,1,8.4,39,12,122,22.7,231,22.7,231,22.7,231
120,383,383,4,1468,4,1510,4,1479,4,1451,2,711,24,6,45,4,12,3,1,1.1,92.2,97.9,1,0,2.6,0.8,3.2,0.1,1.6,62,11.7,45,11.7,45,11.7,45,11.7,45
121,463,462,5,2281,5,2275,5,2255,4,2072,3,1601,36,8,22,6,9,4,21.6,33.4,49.1,52.5,2.8,2,2.1,2.7,24.3,9.4,13.8,167,8.4,39,8.4,39,8.4,39,8.4,39
122,3815,3804,0,0,0,0,0,0,,,0,117,,,,,,,,72.7,,17,,2.8,,3,,4.2,11.9,84,1.6,62,1.6,62,1.6,62,1.6,62
123,1213,1213,2,2541,2,2530,2,2535,2,2443,2,2280,32,6,23,8,20,3,1.8,2.6,91.8,96.3,0.3,0,1.8,0.4,4.3,0.7,13.2,134,13.8,167,13.8,167,13.8,167,13.8,167
124,708,708,3,2045,3,2070,3,2035,3,1809,3,2014,36,,22,6,14,4,18.6,29.6,68.2,58.3,2.8,4.3,4.3,1.6,6.2,6.2,81.2,114,11.7,83,11.7,83,11.7,83,11.7,83
125,1019,1020,3,2967,3,2939,3,2841,3,2935,1,1370,27,6,36,8,6,2,14.4,41.6,70.3,48.3,3,4.9,3.2,1.6,9.1,3.6,26.4,119,13.2,134,13.1,134,13.1,134,13.3,136
126,141,141,4,623,4,539,3,358,0,13,7,929,42,37,29,15,29,24,0,1.2,100,84.9,0,0.2,0,0.5,0,13.3,5,14,80.6,113,81.4,114,50.5,71,50.5,71
127,449,449,5,2400,5,2371,5,2363,6,2613,5,2214,30,3,28,7,8,3,20.4,44,45.2,28.9,2.4,1.7,2.2,1.9,29.7,23.7,0,0,26.4,119,26.4,119,10.5,47,10.5,47
128,269,269,11,2917,11,2887,11,2854,9,2503,10,2761,31,4,31,6,8,3,13.2,24.2,42.2,44.8,3.4,5.3,2.4,1.2,38.8,24.5,31,1120,5.2,14,5.2,14,5.2,14,5.2,14
129,485,485,5,2229,5,2227,5,2183,5,2184,5,2323,41,3,32,7,11,3,92.3,93.9,2.8,2,1.6,2.5,1.1,0.5,2.2,1.2,13.2,36,0,0,0,0,0,0,0,0
130,3618,3617,1,1808,1,1808,0,1787,0,1535,0,1318,52,2,11,4,21,5,87.2,93.3,6.1,3.6,2.4,1.2,1.5,1.2,2.8,0.8,0.4,1,31,1120,31,1120,31,1120,31,1120
131,270,270,8,2157,8,2130,7,1968,7,1806,7,1849,36,3,24,6,6,4,53.7,70.8,23.1,18.8,4.3,4.2,2.4,1.5,16.5,4.8,2.5,4,13.3,36,13.3,36,13.3,36,13.3,36
132,189,189,3,527,3,529,3,515,2,458,3,593,53,8,3,6,10,9,86,77.4,5.5,10.5,2,1,0.9,1.4,5.7,9.8,11.7,14,0.4,1,0.4,1,0.4,1,0.4,1
133,159,159,7,1086,7,1080,7,1070,6,983,6,934,33,4,19,9,3,3,90,91.9,3.2,3.6,2,1.9,1.2,0.3,3.6,2.3,4.8,7,2.6,4,2.6,4,2.6,4,2.6,4
134,116,116,11,1265,11,1252,11,1218,7,794,8,965,34,10,32,17,4,4,24.1,45.7,43.6,43.2,3.9,2.5,3.7,1.5,24.8,7.2,14.1,97,11.7,14,11.7,14,11.7,14,11.7,14
135,141,141,9,1268,9,1284,9,1265,9,1248,9,1236,29,7,23,9,8,3,17.5,39.8,65.1,54,0.9,1,2.2,2,14.3,3.2,20.5,144,4.8,7,4.8,7,4.8,7,4.8,7
136,689,689,3,2134,3,2094,3,2033,3,1848,0,288,35,6,30,7,5,4,67.3,94.7,21.8,2.4,1.8,0,3,1.8,6.1,1,7,36,14.1,97,14.1,97,14.1,97,14.1,97
137,701,729,2,1723,2,1719,2,1698,3,1839,1,627,28,11,45,5,3,3,14.9,68.6,51.8,4,1.8,8.9,2.6,2.1,28.9,16.4,19.5,125,20.5,144,19.8,144,19.8,144,19.6,143
138,509,509,2,768,2,765,2,766,1,704,1,596,28,11,34,5,4,3,21.7,40.8,38.5,40.6,4.8,1.9,3.7,1.2,31.3,15.6,13.5,141,7,36,7,36,7,36,7,36
139,638,637,3,1674,3,1666,3,1673,2,1475,1,700,44,5,16,7,17,6,5,13.6,82.5,82.4,1.4,0,2.8,1.7,8.3,2.3,12.6,85,19.5,125,19.6,125,19.6,125,19.6,125
140,1045,1045,3,2944,3,2956,3,2684,2,2557,2,2117,37,2,24,5,13,3,30.3,52,47.2,41.4,4.8,2.4,2.3,0.9,15.4,3.3,1.9,8,13.5,141,13.5,141,13.5,141,12.4,130
141,679,681,1,967,1,961,1,990,1,881,1,713,35,4,26,8,11,6,17.1,34.1,62.9,47.1,3.3,6.2,1.8,3.5,14.9,9.1,1.7,5,12.5,85,12.5,85,12.5,85,12.5,85
142,442,442,6,2664,6,2635,6,2587,5,2366,5,2081,34,5,20,7,7,3,32.4,52.7,47.8,39.1,1.9,1.7,3.6,1.6,14.2,4.9,19.1,47,1.9,8,1.9,8,1.9,8,1.9,8
143,293,293,5,1354,5,1362,5,1354,5,1323,5,1334,60,6,14,7,40,8,93.3,95.9,1.7,1.2,1.9,1.2,1.3,0.6,1.9,1.1,14.8,77,1.6,5,2.5,7,2.5,7,2.5,7
144,246,246,9,2135,9,2113,8,2030,8,2055,8,1993,32,5,26,7,11,3,31.8,52.9,41.9,30.4,2.5,2.7,4.3,1.9,19.5,12.1,11.7,51,17.2,42,28.6,70,31.7,78,31.7,78
145,520,520,3,1705,3,1695,3,1667,4,1875,3,1501,29,7,29,7,5,2,36.7,75,31.5,17,1.8,1.5,4.6,3.2,25.4,3.3,9.6,44,14.6,76,14.6,76,14.6,76,14.6,76
146,434,434,4,1884,4,1867,4,1816,4,1701,2,1061,41,7,23,6,14,3,38.6,74.4,33.9,17.4,5.3,2.3,2.1,1.7,20.2,4.3,4,24,11.9,52,11.9,52,12,52,11.9,52
147,455,455,5,2340,5,2310,5,2234,4,2024,4,1944,41,9,18,6,13,4,39.7,65.6,36.2,24.3,3,3,4.2,1.7,16.9,5.4,11.4,31,9.7,44,9.7,44,9.5,43,9.7,44
148,597,597,4,2463,4,2465,4,2460,4,2146,3,1668,41,3,30,5,12,3,85.1,92.5,6.1,2.6,4.5,2.7,1.2,0.9,3.1,1.4,8.2,46,4,24,4,24,4,24,4,24
149,276,276,3,909,3,909,3,765,2,643,0,62,35,16,33,9,16,3,71.4,93.6,8.6,4.8,9,1.6,2.6,0,8.4,0,3.3,17,11.4,31,11.4,31,11.4,31,11.4,31
150,558,558,3,1853,3,1845,3,1833,3,1758,2,851,33,7,30,7,3,2,11.9,31.1,64.8,53.2,3.9,7.1,1.9,2,17.4,6.6,29.6,176,8.2,46,8.2,46,8.2,46,8.2,46
151,535,535,6,3472,6,3472,6,3436,6,3227,1,574,35,1,33,7,5,3,66.2,88,7,4.4,18.7,3.8,1.7,0.9,6.4,3,9.2,75,3.3,17,3.3,17,3.3,17,6.3,34
152,594,591,1,806,1,808,1,817,1,742,1,507,30,8,30,10,4,3,30.7,45.1,52.3,44.3,5.4,4.9,3.4,1.6,8.2,4.1,8.7,63,29.6,176,29.7,176,29.7,176,31.2,184
153,813,813,5,3908,5,3908,5,3908,5,3753,1,728,36,3,30,4,7,3,28.8,68.8,37.4,21.5,25,5.5,3,2.1,5.7,2.2,37.9,472,9.2,74,9.2,74,9.2,74,9.2,74
154,730,731,4,3006,4,3006,4,3009,4,2920,3,2118,37,4,25,7,6,3,43.2,68.8,29.5,20.4,18,6.7,2.7,1.8,6.5,2.3,29.7,332,9.9,73,9.5,69,8.5,62,9.9,73
155,1246,1246,2,2859,2,2759,2,2695,2,2383,1,1297,29,2,25,5,4,2,36.3,59.1,43.3,29.7,4.2,4.6,3.9,2.3,12.3,4.2,6.7,38,37.2,463,37.2,463,37.2,463,37.2,463
156,1117,1117,3,3670,3,3534,3,3299,3,2958,0,461,31,5,34,7,6,3,23.3,78.4,62.4,19.5,2.5,1.5,2.9,0.4,8.9,0.2,6.7,83,29.7,332,29.7,332,29.7,332,29.7,332
157,572,572,2,1306,2,1222,3,1737,3,1531,3,1643,37,9,23,1,10,2,9.4,3.8,84.6,75.1,0.5,0.7,1.1,1.2,4.4,19.4,28.5,139,6.7,38,6.7,38,4.5,26,4.5,26
158,1231,1221,3,3662,3,3658,3,3601,3,3368,1,1697,31,4,25,6,6,2,9.8,26.7,77.8,68.2,2.3,2.2,2.8,1.3,7.4,1.6,6.9,54,6.7,83,6.8,83,6.8,83,6.8,83
159,489,489,2,1113,2,1086,2,1035,2,909,1,674,36,8,21,7,9,5,2.5,3.6,91.2,93.3,1.4,0.2,2.3,1,2.5,1.9,2.9,9,28.5,139,28.5,139,28.5,139,28.5,139
160,776,776,4,2905,4,2901,4,2868,3,2707,3,2595,34,11,23,7,12,3,6.3,12.7,81.4,82,2.2,2.2,1.8,1.2,8.3,1.9,5.1,19,7,54,7,54,7,54,7,54
161,294,294,9,2683,9,2657,9,2627,9,2548,8,2379,31,3,23,8,4,2,34.5,62,45.3,20.1,1.6,3.4,4.5,3,14.1,11.5,11.7,20,2.9,9,2.9,9,2.9,9,2.9,9
162,368,368,5,1947,5,1940,5,1911,5,1822,4,1652,33,5,29,6,5,2,21.5,45.6,53,46.6,1,1.4,4.1,2.5,20.4,3.9,1.5,10,4.9,18,3.9,14,3.9,14,3.9,14
163,174,174,5,892,5,902,5,860,5,818,5,922,32,4,17,5,5,4,56.4,38.9,37.2,55.6,2.6,2.3,1.7,2.4,2.2,0.8,11.8,21,11.7,20,11.7,20,12.3,21,13.2,23
164,642,642,7,4798,7,4668,8,4812,6,3664,6,3847,27,,31,5,7,2,17.9,32.5,29,41.4,2.2,3,2.6,4,48.3,19.1,12.3,19,1.5,10,1.5,10,1.5,10,1.4,9
165,181,181,14,2457,14,2463,13,2421,11,1991,9,1647,30,3,21,7,5,4,5.3,24.1,55.5,56.9,4.2,2.8,3.3,2.9,31.7,13.3,34.1,63,11.8,21,11.8,21,11.8,21,11.8,21
166,151,151,8,1263,8,1268,8,1244,6,946,5,733,30,15,32,9,7,7,11.9,34.4,69.3,56.4,2.5,1.6,1.5,3.3,14.7,4.4,1,2,12.3,19,12.3,19,12.3,19,12.3,19
167,184,184,4,807,4,808,4,794,4,765,3,569,30,4,22,10,3,3,9.9,32.5,58.3,54.8,4.3,2.3,3.4,3.1,24.1,7.2,5.3,13,33.9,62,33.9,62,33.9,62,33.9,62
168,228,228,7,1611,7,1590,7,1570,6,1430,7,1560,46,10,13,6,20,7,19.9,34.8,54.7,52.1,5.7,4,2.9,3.3,16.8,5.8,10.5,50,0.5,1,0.5,1,0.5,1,0.5,1
169,245,245,10,2374,9,2191,9,2114,8,1972,0,106,38,5,29,7,9,6,56.2,91.5,12.2,4.7,18.9,0.9,3.5,1.9,9.2,0.9,1.5,4,5.2,13,5.2,13,8.2,20,8.2,20
170,475,475,4,1830,4,1833,4,1827,4,1722,2,734,41,8,39,12,9,3,77.1,83.3,6.4,3.9,9.9,7.3,1.7,1.2,4.9,4.3,4.4,41,10.5,50,10.5,50,10.9,52,10.9,52
171,286,286,3,999,3,899,3,911,3,853,3,755,38,7,23,6,18,8,68.8,85.3,12.7,3.4,9,7.3,1.9,0.5,7.6,3.4,22.8,86,1.5,4,1.5,4,1.5,4,3.8,11
172,942,942,3,3070,3,3062,3,2932,3,2538,0,24,35,3,37,6,3,2,59.1,12.8,9.2,87.5,22.2,0,1.8,0,7.7,0,48.6,1545,4.4,41,4.5,43,5.5,52,5.5,52
173,380,380,3,1199,3,1147,3,1074,3,952,1,421,29,5,37,5,3,3,9.5,33.3,73.5,58.2,4.5,3.1,3.6,2.9,8.9,2.6,3.9,20,22.8,87,22.8,87,22.8,87,22.8,87
174,3178,3179,1,1723,1,1723,1,1732,1,1584,0,675,37,11,26,8,7,3,43,84.2,25.1,6.5,7.5,6.5,3.2,1,21.2,1.8,2.1,10,48.6,1545,48.7,1547,49.7,1578,49.7,1578
175,521,521,4,1827,4,1830,3,1813,3,1741,4,1886,47,5,19,5,13,4,89.4,92.4,2.9,2.6,2,2,1.4,0.9,4.4,2,1.4,7,3.9,21,3.9,21,3.9,21,3.9,20
176,469,469,6,3035,6,3033,6,3033,6,2961,3,1228,37,3,34,6,9,4,73.3,90.1,6,3.4,12.3,2.8,2.9,1.1,5.6,2.6,16.9,343,2.1,10,2.1,10,2.1,10,2.1,10
177,507,507,4,1881,4,1870,4,1849,4,1979,4,1917,51,8,16,7,30,6,89.5,93.7,3,1,2.6,2.7,2.1,1.5,2.7,1.3,3.9,19,1.5,7,1.5,7,1.5,7,1.5,7
178,2025,2022,1,2733,1,2431,1,2114,1,1824,0,672,29,1,8,3,2,1,29,67.7,19.1,14.7,42.1,6.6,2.6,2.4,7.2,8.6,12.2,36,16.9,343,17,343,17,343,17,343
179,502,502,3,1601,3,1621,3,1613,3,1581,3,1667,38,7,29,10,16,5,92.9,91.7,2.5,5.3,1.7,1.7,1.4,0.5,1.5,0.8,2.7,28,3.9,19,3.9,19,3.9,19,3.9,19
180,299,299,5,1507,5,1446,4,1300,4,1220,3,912,32,9,28,7,8,4,29,61.7,32.2,27.4,5,3.7,2.2,1.8,31.6,5.5,5.9,13,12.4,37,12.4,37,12.4,37,12.4,37
181,1021,1021,3,2876,3,2865,3,2790,2,2516,3,2551,43,4,22,6,16,3,83.8,88.3,6.6,4.3,3.1,2.9,1.8,1.1,4.7,3.4,19.3,43,2.7,28,2.7,28,2.7,28,2.7,28
182,218,218,4,788,4,779,4,779,3,737,4,894,49,4,14,5,14,3,1.6,0.1,95.5,99.3,0.8,0,0.9,0.5,1.1,0.1,2,5,5.9,13,5.9,13,5.9,13,5.9,13
183,223,223,4,865,4,869,4,848,4,805,3,633,22,13,45,12,6,3,16.4,32.5,55.2,51.9,1.6,3.8,4.1,2.6,22.7,9.2,6.9,9,19.3,43,19.3,43,19.3,43,19.3,43
184,234,234,6,1370,6,1369,6,1341,5,1263,6,1358,34,2,23,6,7,3,90.3,82,3.9,11.3,1.1,1.4,2,3.2,2.8,2.1,9.2,58,1.8,4,1.8,4,1.8,4,1.8,4
185,131,131,23,3066,23,3002,23,2951,21,2748,17,2187,28,1,20,5,1,1,13.5,54.4,35,23.3,1.6,5.4,2.3,2.6,47.6,14.2,0.9,1,6.9,9,6.9,9,6.9,9,6.9,9
186,635,635,4,2500,4,2472,4,2421,4,2356,3,2034,34,7,29,6,7,2,29.8,51.3,40.8,35.1,3.1,4.5,2.8,3,23.5,6.2,9,33,8.8,56,8.8,56,8.8,56,8.8,56
187,158,157,6,1004,6,1004,6,1004,6,959,3,533,44,8,19,12,9,7,70.9,82.4,8.4,4.9,10.1,8.3,3.3,1.7,7.2,2.8,11.8,78,0.9,1,0.9,1,0.9,1,8.2,13
188,363,363,5,1728,5,1720,5,1687,4,1494,1,540,37,6,29,9,7,4,66.6,85.6,10.1,5.6,13.1,5.4,2.6,2.8,7.6,0.7,10,43,9,32,9,32,9,32,9.1,33
189,82,82,12,1024,12,1024,12,1024,12,956,11,898,37,5,39,7,4,4,56.4,83.1,19.5,5.8,8.2,4.5,3,2.1,13,4.6,23.8,331,0,0,0,0,0,0,0,0
190,665,665,2,1049,2,1045,2,1036,1,915,1,561,33,11,22,9,7,5,22.6,44.4,62.5,46,3.1,3.6,3.5,3.4,8.3,2.7,1.4,4,11.8,78,11.8,78,11.8,78,11.8,78
191,425,425,6,2360,6,2354,6,2335,5,2273,5,2059,36,7,23,7,8,3,52.7,72.8,35.3,21.3,2.2,2.2,2.8,1,7,2.7,4,30,10,43,10,43,10,43,10,43
192,1390,1390,2,2585,2,2390,2,2209,1,1820,1,831,35,4,24,6,4,2,26.9,60.5,50.2,31.2,6.9,4.8,2.6,0.6,13.4,2.9,44.5,483,23.8,331,23.8,331,23.8,331,23.8,331
193,305,305,4,1329,4,1331,4,1329,4,1209,4,1113,34,6,24,7,14,6,81.4,92.5,11,3.7,2.4,1.8,1.7,1.1,3.5,0.9,12.3,119,1.4,4,1.4,4,1.4,4,1.4,4
194,736,736,4,3012,4,2985,4,2970,4,2810,3,2309,40,3,33,4,7,2,83.9,89.7,4.8,4.5,5.7,3.6,2,0.5,3.7,1.8,6.8,22,3.9,29,3.9,29,3.9,29,3.9,29
195,1087,1117,2,2085,2,2080,2,2090,2,2120,0,210,31,6,23,5,4,2,48.8,86.4,31.3,10,7.8,2.4,2.7,0.6,9.3,0.6,6.9,22,44.5,483,43.3,483,45.9,512,49.1,549
196,965,965,2,2233,2,2195,2,2162,2,1961,0,401,30,3,31,8,5,3,16.2,84,65.4,10.3,1.6,0.4,1.9,2.8,14.9,2.6,13.3,51,12.6,121,12.6,121,12.6,121,12.6,121
197,318,318,8,2604,8,2593,8,2547,8,2403,6,1877,34,5,25,6,11,4,20.1,44.7,38.2,44.8,3.6,3,3,2.1,35.1,5.4,5,5,6.8,22,6.8,22,6.8,22,6.8,22
198,319,319,5,1650,5,1645,5,1604,4,1328,4,1328,51,15,17,9,37,8,83.3,84.9,12,12.9,1.2,0.8,0.8,0.5,2.7,1,3.5,29,7.1,23,7.1,23,7.1,23,7.1,23
199,384,384,8,3116,8,3117,7,2838,7,2742,5,2054,29,12,42,6,5,3,6.6,11.3,59,59.8,1.6,2.9,2,2.2,30.8,23.9,2.1,5,13.3,51,13.3,51,13.3,51,13.3,51
200,90,90,7,611,7,604,6,569,7,588,9,791,17,7,53,10,0,2,4.4,6.1,89.3,91.9,0.3,0.4,2.6,1.4,3.4,0.3,36.8,192,5.1,5,5.1,5,5.1,5,4.5,4
201,823,819,4,2912,4,2922,4,2905,3,2716,2,1999,38,6,28,7,11,4,82,84.3,4.5,3.9,6.5,6.9,2.6,1.9,4.5,3.1,11.4,29,3.4,28,3.5,29,3.5,29,3.5,29
202,255,255,9,2362,9,2342,9,2274,9,2212,8,1922,26,5,37,6,2,2,14.1,33.2,42.5,43.4,6,6.8,2.1,2,35.3,14.6,24.9,88,1.8,5,1.8,5,1.8,5,1.8,5
203,521,521,4,1931,4,1869,3,1819,3,1612,1,431,35,5,28,6,9,4,43.9,95.1,28.2,1.4,4,1.8,1.9,0.9,22,0.7,0.2,0,36.8,192,36.8,192,36.8,192,36.8,192
204,250,250,6,1390,6,1390,6,1390,5,1332,3,667,37,9,25,7,11,6,79.5,83.3,5.5,3.4,5.4,8.4,2,1.1,7.7,3.8,12.9,66,13,32,13,32,18.9,47,18.9,47
205,353,353,3,958,3,942,3,936,3,882,2,738,48,7,25,8,8,5,89.3,89.2,3.9,3.9,3.7,3.7,1.4,1.3,1.7,2,1.7,9,28.6,101,28.6,101,28.6,101,28.6,101
206,136,136,10,1353,10,1353,10,1353,10,1297,9,1197,32,3,34,8,6,3,79.9,88.1,4.2,3.3,8.9,4.3,1.8,1.6,5.2,2.7,20.2,169,0.2,0,0.2,0,0.2,0,0.2,0
207,507,508,5,2548,5,2573,4,2134,3,1617,0,17,29,2,9,7,2,2,46.1,72.5,34.4,23.5,7.7,0,3,5.9,8.8,0,10.5,18,12.9,66,12.9,66,12.9,66,17.5,89
208,512,512,4,1933,4,1928,4,2059,4,1885,3,1720,44,2,31,5,12,4,94.1,98.4,1.1,0.2,1.3,0.2,1.4,0.3,2.1,0.9,7.3,40,1.7,9,2.5,13,2.5,13,2.5,13
209,838,838,5,4035,4,3204,3,2924,3,2707,1,1142,34,4,26,7,6,2,26,51.9,50.3,42.2,4.5,2.9,2.8,1.4,16.4,1.6,9.1,49,20.2,169,20.9,175,23.6,197,23.6,197
210,174,174,13,2222,11,1876,11,1866,8,1441,7,1215,38,8,13,8,14,4,81.7,80.2,6.8,12.3,5.6,4.5,1.9,1,4,2.1,0.6,2,10.6,18,12,21,14.9,26,14.9,26
211,551,551,5,2601,5,2545,5,2516,4,2380,2,894,39,4,26,6,4,2,22.4,64.5,62.8,30.2,2.9,2.6,3.2,0.5,8.7,2.2,9.2,28,6.9,38,6.9,38,6.9,38,6.9,38
212,534,534,3,1399,3,1390,3,1372,2,1278,3,1406,33,5,29,8,15,5,12.8,24.3,37.1,37.3,4.4,7.6,2.3,1.2,43.4,29.5,4.9,10,9.1,49,9.1,49,9.1,49,9.1,49
213,323,323,5,1536,5,1591,5,1583,5,1680,4,1343,39,3,33,8,20,4,92.1,93.6,1.7,2.2,2.2,1.6,1.4,0.6,2.6,2,5.2,22,0.6,2,0.6,2,0.6,2,0.6,2
215,302,302,3,874,3,871,3,852,3,819,3,891,46,14,31,13,17,9,92.3,95.4,0.4,0.8,2.1,1.7,2.1,0.5,3.2,1.7,2.4,13,9.4,28,10.2,31,10.4,31,12.5,38
216,206,206,4,822,4,814,4,809,4,779,3,706,35,24,28,13,16,7,86.6,90.7,6,3.8,3,2.6,2.2,1.6,2.2,1.4,13.6,152,4.9,10,4.9,10,6.2,13,6.2,13
217,418,418,3,1302,3,1294,3,1264,3,1208,3,1174,39,11,23,7,20,7,92.6,96.9,0.8,0,3.1,0.9,1.7,0.4,1.7,1.7,2.7,12,5.1,21,5.1,21,5.1,21,5.1,21
218,514,514,5,2345,5,2673,5,2663,5,2619,5,2324,33,6,28,7,12,4,59.7,81.3,26.2,10.9,5.9,3.4,2.5,1.4,5.7,3,13.7,58,2.4,12,2.4,12,2.4,12,2.4,12
219,1122,1122,2,2456,2,1916,2,1901,1,1653,2,1722,22,1,4,2,0,1,56.5,69.9,23.7,16.3,10.5,6.5,3.4,3.7,6,3.7,1.6,5,13.6,152,13.6,152,13.6,152,13.6,152
220,430,430,4,1780,4,1770,4,1751,4,1692,4,1794,34,6,28,5,15,4,60.2,77.8,22.1,14.1,2.2,1.6,2.9,2.2,12.6,4.2,3.9,11,2.7,12,2.7,12,2.7,12,2.7,12
221,423,423,6,2700,5,2300,5,2293,5,2138,3,1290,32,4,17,7,4,3,27.1,67.3,54.4,21.9,3.6,5.1,3.5,2.4,11.4,3.3,20.4,267,13.7,58,13.7,58,13.7,58,13.7,58
222,312,312,5,1582,5,1577,5,1579,5,1522,5,1415,47,6,15,5,21,4,85.5,91.7,2.6,3.5,5.3,2.7,2.3,1,4.3,1.2,0.5,1,1.5,5,1.5,5,1.5,5,1.5,5
223,292,292,7,1906,7,1927,7,1903,6,1875,7,1973,31,15,33,8,13,6,16.7,24.2,62.2,65.6,4.5,3.6,2.1,2.3,14.5,4.3,12.6,75,4,12,4,12,4,12,4,12
224,385,385,6,2358,6,2358,6,2358,6,2226,6,2318,33,9,18,6,8,4,70.3,82.9,12.9,5.7,3.3,4.8,3.1,1.6,10.4,5,55.6,461,0,0,0,0,0,0,0,0
225,1313,1312,1,1355,1,1355,1,1350,1,940,1,667,35,4,30,9,10,4,61.6,78.1,21.9,14.1,2.7,3.8,3.1,2.1,10.7,2,29.5,397,20.4,267,21.7,285,21.7,285,21.7,285
226,116,116,8,870,8,870,7,865,6,744,7,770,36,11,20,12,5,3,65.9,81.2,17.6,10.4,1.5,2.2,3,0.7,12.1,5.6,18.1,50,0.4,0,0.4,0,0.4,0,0.4,0
227,593,593,4,2536,4,2546,4,2504,4,2414,2,1239,36,7,29,8,4,2,30,60.3,51.3,30.8,1.4,1.9,2.9,2.7,14.3,4.4,12.7,159,12.3,73,12.3,73,12.3,73,12.2,72
228,829,829,1,545,1,545,1,539,1,621,0,154,32,4,38,5,1,3,27.9,77,52.7,12.7,3.1,1.7,3.1,3.1,13.4,5.2,19.8,93,54.7,454,54.7,454,54.7,454,54.7,454
229,1346,1346,2,2393,2,2149,1,1779,2,2096,1,1150,39,11,27,6,9,4,43.3,72,26,19.5,1.4,0.5,2.9,1.5,26.3,6.5,5.3,35,29.3,395,29.3,395,29.3,395,29.4,396
230,275,278,9,2457,9,2447,7,2071,6,1769,4,1142,29,3,16,10,3,2,22.5,21.5,46.5,68.5,13.8,3.9,2.5,2.6,14.7,3.6,29.9,387,17.8,49,17.6,49,17.6,49,17.6,49
231,1247,1222,2,2801,2,2775,2,1839,1,1662,1,773,37,5,28,7,12,5,44.1,71.6,39.5,16.8,5.9,8.3,3,1.2,7.5,2.1,2.4,12,12,149,12.5,153,13.1,160,18.5,227
232,469,468,6,2589,5,2557,5,2538,5,2515,2,1106,35,2,29,8,6,4,40.1,71.3,37,19,4.4,3.4,2.4,1.4,16,5.1,7.9,57,18.6,87,18.6,87,18.6,87,25.5,119
233,662,662,4,2554,4,2556,4,2558,4,2381,2,1601,34,5,23,5,10,3,76.2,85,10.3,3.5,6,9.9,2.3,0.8,5.1,0.8,14.7,141,5.3,35,5.3,35,5.3,35,5.3,35
234,1295,1294,2,2636,2,2624,2,2551,3,3678,2,2906,35,4,29,5,10,2,29.2,59.4,28.9,23.5,3.5,3,3.1,2.8,35.3,11.4,8.3,46,29.9,387,29.9,387,29.9,387,29.7,384
235,492,492,4,2055,4,2061,4,2045,4,1933,4,1867,40,4,23,7,14,5,83.5,91.6,8.1,4.9,2.3,1.7,2.4,0.5,3.7,1.3,10.4,41,2.4,12,2.4,12,2.4,12,2.4,12
236,719,719,1,1065,1,1060,1,1022,2,1338,2,1460,52,5,24,6,31,5,92.5,83.7,2.1,4.5,2.5,5.6,1,1.1,1.9,5,3.4,19,7.9,57,7.9,57,8,57,8.1,58
237,956,956,3,2817,3,2721,3,2617,2,2294,2,1538,35,6,25,7,10,3,24.3,54,47.9,29.8,7.6,9.2,2.6,1.9,17.6,5.1,21.8,61,14.8,142,14.8,142,14.8,142,14.8,142
238,550,550,4,2384,4,2381,4,2351,4,2220,3,1597,34,9,28,11,6,2,16.2,42,64.3,48.3,3.6,4.9,2.8,3,13.1,1.8,62.5,340,8.3,46,8.3,46,8.2,45,8.2,45
240,394,392,4,1648,4,1639,4,1628,4,1495,4,1610,39,5,15,6,12,4,60.5,76.4,24.5,15.2,1.1,1.7,3.7,1.5,10.2,5.2,24.4,169,10.4,41,10.5,41,10.5,41,10.5,41
241,569,569,3,1917,3,1914,3,1893,3,1859,3,1890,48,10,25,7,16,6,92.7,95.3,1.9,1.8,2.2,1.5,1.1,1.1,2.2,0.3,3.1,5,3.4,19,3.4,19,3.4,19,3.4,19
242,279,279,6,1663,6,1630,6,1614,5,1521,0,3,27,9,30,8,6,4,16.8,,64.1,,2.6,,4.1,,12.4,,3.8,11,18.6,52,18.6,52,18.6,52,18.6,52
243,543,543,0,124,0,124,0,126,0,105,0,110,76,0,0,55,100,73,65.7,80.9,6.7,10,0,1.8,0,3.6,27.6,3.6,21,27,59.2,322,59.2,322,61.4,334,59.2,322
244,694,694,3,1929,3,1927,3,1927,3,1826,3,1848,40,4,25,6,8,3,24.7,38.3,51.6,48.8,4.9,6.3,3,3,15.7,3.6,5.1,8,27,187,27,187,25.2,175,27,187
245,176,176,8,1435,8,1428,8,1409,7,1287,7,1254,40,15,12,10,8,7,29.4,49.2,54.9,42.7,2.1,3.4,3.2,1.4,10.4,3.2,16,52,3,5,3,5,3,5,3,5
246,285,285,8,2394,8,2382,8,2351,7,2084,6,1790,31,9,38,11,6,3,34.6,58.5,44.4,29,1.6,2.1,3.3,2.4,16.1,8,23.4,70,3.3,9,3.3,9,3.3,9,3.3,9
247,131,131,9,1155,9,1144,9,1126,8,1002,4,532,39,5,9,11,1,3,4.9,28.2,53.4,53.6,0.5,4.1,2.5,1.9,38.7,12.2,8.1,20,21.2,28,21.2,28,21.2,28,21.2,28
248,162,162,11,1815,11,1806,11,1783,10,1601,8,1295,29,3,24,8,2,2,25.4,57.8,42.3,25.9,1.1,3.1,5.4,3.7,25.7,9.5,38.8,549,4.1,7,4.1,7,4.1,7,4.1,7
249,128,128,13,1669,13,1665,13,1637,10,1262,15,1867,28,4,37,8,2,3,1.2,3.1,26.4,24.8,0.9,2.5,1.8,1.1,69.7,68.4,5.1,24,0,0,0,0,0,0,0,0
250,325,325,5,1719,5,1719,5,1714,5,1632,2,754,31,7,23,8,3,4,37.9,63.9,49.5,28,2.8,2.2,3.8,2.5,5.9,3.3,52.8,2165,17.6,57,17.6,57,17.6,57,24.5,80
251,300,300,6,1835,6,1815,6,1686,5,1489,2,547,35,4,33,6,3,3,35.6,59.8,49.8,33.8,5.4,2.4,4.6,2.6,4.6,1.5,3.6,43,23.4,70,23.4,70,23.4,70,24.3,73
252,246,246,4,1046,4,1041,4,1042,4,935,4,989,50,14,15,6,8,5,66.4,74.6,23.9,16.4,4.5,5.2,2.6,0.5,2.7,3.3,13.2,109,8.1,20,8.1,20,8.1,20,11.1,27
253,643,647,3,2052,3,2052,3,2050,3,2061,3,2074,39,6,33,8,7,2,80.4,90.3,5.7,3,7.1,3.7,2.3,0.4,4.6,2.6,19.3,79,0,0,0,0,0,0,0,0
254,1415,1415,1,943,0,542,0,546,0,495,0,112,28,4,25,11,6,6,42.4,72.3,37,21.4,7.1,0,6.7,5.4,6.9,0.9,13.1,184,38.8,549,38.8,549,38.8,549,39.9,565
255,474,474,6,2895,6,2895,6,2895,6,2702,5,2197,41,5,22,5,16,5,78.3,86.3,8.5,5.3,7.9,4.3,2.2,1.7,3.1,2.5,0.1,0,5.1,24,5.1,24,5.1,24,5.1,24
256,4098,4097,1,3330,1,3045,1,2790,1,2182,0,912,41,4,25,5,15,3,81.8,94.7,9.1,2.7,4.3,0.8,1.4,0.6,3.4,1.2,5.5,56,53.4,2190,53.5,2190,53.5,2190,51.1,2094
257,1191,1196,3,3596,3,3606,3,3218,2,2843,0,114,33,2,31,8,4,2,60.9,65.9,14.4,24.6,12.7,0.9,1.8,1.8,10.2,7,2.8,18,3.6,43,3.6,43,3.6,43,4.4,53
258,827,827,4,3128,4,3064,4,2903,4,2907,3,2322,42,7,17,7,9,3,19.8,43.9,59.6,46.9,5.3,3.2,2.2,1.2,13.1,4.7,12.1,39,13.2,109,13.2,109,13.2,109,13.2,109
259,411,411,6,2493,6,2492,6,2478,6,2431,3,1372,31,5,32,9,2,2,17.6,55.1,62,31.1,5.1,7.5,3,2.7,12.3,3.5,3.3,9,6.7,28,35.3,145,35,144,35,144
260,1405,1405,3,3768,3,3744,3,3723,3,3514,2,2973,33,3,15,4,12,3,8,11.4,79.4,83.9,0.6,0.2,2,1.1,10,3.4,20.6,385,13.1,184,13.1,184,12.6,177,12.6,177
261,543,543,4,2348,4,2348,4,2348,4,2224,4,2417,41,6,21,6,14,4,71.9,81.8,6.6,7.2,3.2,3.7,2.3,1.3,16,6.1,22.2,442,0.1,0,0.1,0,0.1,0,0.1,0
262,1012,1012,3,3218,3,3216,3,3216,3,3019,3,3116,44,3,21,4,14,3,83.9,88.7,5.4,4,5.4,4.4,2,1,3.3,2.1,1.4,4,5.6,56,5.6,56,5.6,56,5.6,56
263,631,631,4,2666,4,2636,4,2575,4,2349,4,2319,53,5,16,5,20,4,87.4,90.6,3.2,2.8,4.9,2.7,1.4,0.4,3.1,3.5,3,14,2.8,18,3,19,3,19,3.1,19
264,325,325,6,2109,6,2085,6,1996,6,1845,6,1923,34,5,13,6,4,3,46.4,66.3,37.9,21.2,6.1,6.4,3,2,6.6,4.1,0.3,1,12.1,39,12.1,39,12.1,39,12.1,39
265,277,276,5,1499,5,1496,5,1495,5,1514,5,1368,43,7,19,5,17,6,57.3,73.5,28.2,16.5,5.1,6.4,3.1,1.3,6.3,2.3,7.1,37,3.3,9,3.3,9,3.3,9,3.3,9
266,1871,1871,2,2875,2,2870,2,2870,1,2673,1,1210,35,1,27,6,8,3,49.1,84.6,35.8,11.7,3.3,1.7,2.6,0.4,9.2,1.6,26.4,160,20.6,385,20.6,385,20.6,385,20.6,385
267,1989,1989,2,4618,2,4586,2,4400,2,4044,1,1007,33,2,29,5,5,3,49.4,84,27.9,9.1,6.3,3,2.8,2.5,13.6,1.4,8,10,22.2,442,22.2,442,22.2,442,22.2,442
268,257,257,7,1786,7,1788,7,1757,7,1735,6,1565,44,12,16,6,13,5,36.8,59.5,40.4,30.3,1.9,3.5,3.2,1.2,17.7,5.6,3.2,12,1.3,3,1.3,3,2.2,6,2.2,6
269,457,457,6,2791,6,2791,6,2774,6,2628,4,1712,38,3,24,7,14,3,76.6,92.1,5.6,3,8.9,2.3,2.7,1.3,6.1,1.3,13.2,54,3,14,3,14,3,14,3,14
270,90,90,16,1394,15,1387,15,1368,15,1321,12,1121,38,19,23,11,0,1,13.2,47.1,50,35.6,1.5,3,6.8,2.7,28.5,11.6,31.5,290,0,0,0,0,0,0,0,0
271,169,169,7,1219,7,1207,7,1168,7,1163,8,1269,30,9,33,9,8,2,6.7,8.4,83.1,84.4,1.2,1.5,1.2,1.2,7.8,4.5,14.9,26,0.3,0,0.3,0,0.3,0,0.3,0
272,527,527,3,1450,3,1450,3,1450,3,1388,2,871,28,6,18,8,10,7,36,54.9,40.3,33,2.6,4.8,7.5,1.3,13.5,6.1,0.9,1,7.1,37,7.1,37,7.1,37,7.1,37
273,605,605,3,1873,3,1873,3,1790,3,1657,0,158,31,4,19,10,8,5,28.3,65.4,52,25.2,2.4,5.4,3.4,0.7,14,3.3,11.3,103,26.5,160,26.5,160,26.5,160,26.5,160
274,121,121,9,1051,9,1052,9,1039,8,971,0,0,25,4,26,12,3,4,30.2,,38.3,,24.4,,2.6,,4.5,,10.1,19,8,10,8,10,8,10,8,10
275,391,391,5,2121,5,2118,5,2111,5,2047,6,2219,49,13,12,8,14,6,48.3,72.4,38.9,18.9,3.7,5.3,3.1,1.3,6,2.1,20.5,71,3.2,12,3.2,12,3.2,12,3.2,12
276,410,410,5,1971,5,1971,5,1971,5,1871,3,1247,38,7,27,8,9,4,55.2,85.2,29.6,8.3,4.8,2.5,2.9,1.2,7.5,2.7,18,78,12.2,50,12.2,50,12.2,50,12.2,50
277,919,921,2,2005,2,1802,2,1526,1,1329,1,584,35,7,25,7,9,6,41.8,66.4,41.8,25.3,5.5,2.9,3.8,2.1,7.1,3.3,62.8,598,31.5,290,31.5,290,31.5,290,29.4,271
278,173,173,9,1602,9,1602,9,1600,7,1222,6,964,30,7,19,7,3,3,37.1,67.7,44.9,24.3,6,3.3,4.7,2.4,7.4,2.3,13.7,380,14.9,26,14.9,26,14.9,26,14.9,26
279,118,118,13,1505,13,1505,13,1505,12,1430,5,531,31,3,24,8,7,3,43.4,75.9,38.5,15.3,7.7,5,2.7,2,7.6,1.9,26.1,429,0.8,1,0.8,1,0.8,1,0.8,1
280,916,916,1,1280,1,1276,1,1253,2,1899,1,1174,33,4,32,7,7,4,23.7,64.1,32.1,7.3,1.3,2.8,2.5,3.7,40.3,22.2,5.5,84,11.3,103,11.3,103,11.3,103,11.2,102
281,187,187,6,1067,6,1067,6,1067,5,984,5,867,27,4,26,6,3,3,37.5,35,50.1,57.8,1.9,2.9,3.9,1.4,6.6,2.8,10.8,62,10,19,10,19,10,19,10,19
282,349,348,4,1480,4,1452,4,1404,4,1345,2,575,36,2,10,6,8,5,22.8,57,56.5,37.2,2.6,2.4,3,1.7,15.1,1.7,23.7,299,20.2,70,20.2,70,20,70,20.6,72
283,435,435,6,2661,6,2656,6,2617,6,2530,4,1825,33,5,33,5,7,2,20.8,49.7,61.2,39.7,5.9,5.5,2.3,1.6,9.9,3.5,7.7,65,18.2,79,18.2,79,18.3,80,17.9,78
284,952,952,1,965,1,960,1,968,1,964,1,538,45,4,30,8,5,4,89.2,97.2,2.2,2,3.3,0,2.6,0.2,2.7,0.6,4.6,7,63.8,607,63.8,608,63.8,608,55.2,525
285,2765,2761,0,16,0,16,0,15,0,1,0,3,,,,,,,,,,,,,,,,,22.5,69,13.8,381,13.8,381,13.8,381,13.8,381
286,1640,1640,0,181,0,189,0,191,0,698,0,770,47,6,15,9,9,7,54,84,4.4,2.6,19.8,10.1,2.7,1,19.1,2.2,4.7,5,26,427,26,427,26,427,26,427
287,1540,1540,2,2369,2,2401,1,2295,2,2590,1,1491,30,3,14,6,8,4,58.6,80.2,21.9,8.1,6,3.9,2.7,1.7,10.9,6.1,23,86,5.5,84,5.5,84,5.5,84,5.5,84
288,575,575,4,2258,4,2250,4,2216,4,2099,4,2291,38,6,29,9,11,4,80.2,86.8,8.9,6.7,3.3,2.5,2,0.6,5.6,3.4,6.4,7,10.8,62,10.8,62,10.8,62,10.8,62
289,1259,1257,3,3701,3,3664,3,3655,3,3435,1,944,35,1,28,5,5,2,48.1,84.6,23.3,11.3,7.3,1.7,2.9,0.5,18.4,1.8,27.4,203,23.8,300,23.9,300,23.9,300,23.9,300
290,843,842,1,972,1,983,1,532,1,539,1,536,29,27,29,11,14,7,16.9,20.2,66,76.7,0.6,0,2,0.8,14.5,2.4,0.1,0,7.7,65,7.7,65,7.7,65,7.7,65
291,147,147,19,2754,19,2743,18,2649,12,1807,13,1917,26,2,34,6,3,2,5.3,7,55.8,52.6,1.5,2.5,2.5,2.5,34.9,35.4,20.8,100,4.7,7,4.7,7,4.7,7,4.7,7
292,305,305,4,1124,4,1136,4,1171,4,1086,3,897,24,6,44,8,6,4,2.1,2.5,83.7,87.5,9.3,5.9,1.9,1.2,2.9,2.9,13.6,64,22.4,69,22.4,69,22.4,69,22.4,69
293,110,110,8,882,7,822,8,844,7,727,9,943,28,6,32,10,9,5,7.4,10,90,84.6,0,0.5,0.6,1.5,2.1,3.4,22.7,120,4.7,5,4.7,5,4.7,5,4.7,5
294,372,372,3,1006,3,1004,3,992,2,909,3,1062,39,16,29,8,9,5,1.5,0.6,92.4,97.4,0.1,0,4,0.5,2,1.6,11,7,23.3,87,23.3,87,23.3,87,23.3,87
295,106,106,13,1425,13,1422,13,1427,13,1328,14,1495,28,6,28,7,13,4,3.8,0.9,92.8,92.5,0,0.1,1.7,0.8,1.7,5.6,17.6,53,7.3,8,6.3,7,7.3,8,7.3,8
296,741,741,2,1657,2,1570,2,1356,2,1248,1,492,39,3,26,9,9,4,38.5,89.2,40.5,7.9,4.7,0.8,3,1.4,13.2,0.6,37,251,27.4,203,27.4,203,27.4,203,27.4,203
297,104,104,4,450,4,450,4,441,4,453,5,474,44,6,38,5,5,5,95.4,97.7,1.1,0.6,1.5,1.1,1.3,0.2,0.7,0.4,2.5,13,0,0,0,0,0,0,0,0
298,253,253,6,1522,6,1510,6,1511,6,1440,5,1241,31,5,21,11,5,3,39.9,73.7,23.7,10.8,3.8,5.8,2.7,2.1,29.9,7.6,4.8,12,0.1,0,0.1,0,0.1,0,0.1,0
299,479,479,7,3120,6,3076,6,3012,5,2541,4,1787,29,2,30,6,2,1,30.1,44.2,47.5,41.4,5.1,7.4,3.1,2.2,14.1,4.8,3.4,25,22.5,108,22.5,108,22.5,108,15.5,74
300,469,469,2,1093,2,1085,2,1086,2,1116,2,955,39,14,12,8,15,7,54.2,55.9,23.4,15,2.7,5.7,2.5,2.2,17.2,21.2,3.4,14,13.6,64,13.6,64,13.6,64,13.6,64
301,531,531,4,2295,4,2249,4,2113,4,1910,3,1629,37,11,23,7,11,4,30.5,57.5,47.1,29,6.4,7.3,2.4,2.8,13.7,3.4,8.7,34,21.2,113,21.2,113,21.2,113,27.5,146
302,372,372,8,3006,8,2994,8,2944,8,2909,7,2453,36,3,26,5,5,2,69,76.8,12.7,7.4,5.3,8.4,2.5,1.6,10.6,5.9,3.5,7,0,0,0,0,0,0,0,0
303,200,200,9,1806,9,1804,9,1785,9,1825,8,1660,34,5,14,7,8,4,54.1,75,16.8,13.3,5.6,6,2.1,2.4,21.4,3.3,7.7,50,0,0,0,0,0,0,0,0
304,66,66,19,1241,19,1236,18,1210,8,564,21,1399,20,6,48,6,3,3,4.1,1.9,28.9,30.8,0.9,0.1,1.4,1.1,64.7,66.1,1.4,4,11,7,11,7,11,7,11,7
305,300,300,3,893,3,896,3,882,3,800,1,352,37,18,22,11,11,6,20.8,43.8,66.6,53.1,0.9,1.7,4.3,0.3,7.5,1.1,11.1,27,17.6,53,17.6,53,17.6,53,17.6,53
306,679,681,2,1487,2,1334,1,981,2,1335,2,1526,11,3,61,3,0,1,8,7.4,86.5,90.9,0.2,0,2,0.7,3.2,1,5.6,24,37,251,36.9,251,36.9,251,36.9,251
307,516,516,8,3912,6,2972,6,2948,6,2864,5,2590,36,7,24,7,6,2,16.2,22,52.6,61.9,6.9,7.6,2,1.7,22.3,6.8,18.6,32,2.4,12,2.4,12,2.4,12,2.4,12
308,241,241,5,1267,5,1267,5,1152,4,942,3,772,37,4,32,8,13,5,83.5,89.6,3.9,5.7,5.6,1,3.1,1.6,3.8,2.1,6.8,26,1.9,5,1.9,5,1.9,5,1.9,5
309,725,725,2,1802,2,1782,2,1732,2,1586,1,687,40,5,27,8,9,4,79.4,93.9,6.4,2.8,5.9,0.4,2.9,0.4,5.4,2.5,5.4,39,3.4,25,3.4,25,3.4,25,3.4,25
310,406,406,5,2228,5,2219,5,2209,6,2372,3,1113,35,7,36,7,7,4,74.2,87.7,7,5.3,9.4,3.1,1.4,0.9,7.9,3.1,0.9,2,3.4,14,3.4,14,3.4,14,3.4,14
311,389,389,3,1226,3,1217,3,1243,3,1153,4,1421,46,9,18,10,25,6,2.1,0.8,92.6,95.2,0.8,1,2.1,1.6,2.4,1.4,15.2,33,8.7,34,8.7,34,8.7,34,8.7,34
312,207,207,9,1776,9,1776,8,1748,7,1405,8,1577,34,9,29,8,8,4,6.2,11.1,76.9,75.5,3.3,3,2.7,5.1,10.9,5.2,6.3,13,3.5,7,3.5,7,3.5,7,3.5,7
313,647,647,3,1668,3,1668,3,1668,3,1634,2,1178,27,9,29,7,5,5,28,63.6,37.9,25.2,7.6,4.3,2.1,1.4,24.4,5.5,3.5,20,7.7,50,7.7,50,7.7,50,7.7,50
314,319,319,8,2618,8,2651,8,2645,8,2422,8,2553,30,5,24,9,4,3,25.8,32.4,24.6,25.9,1.5,2.7,1.6,2.2,46.5,36.8,28.8,394,1.3,4,1.3,4,1.3,4,1.3,4
315,241,241,3,746,3,741,3,611,2,546,5,1256,42,7,6,4,7,4,85.5,59.4,9.2,29.8,1.3,0.4,1.3,3.7,2.7,6.7,7.4,44,11.1,27,11.1,27,11.2,27,11.2,27
316,432,432,10,4305,10,4264,10,4301,9,3793,8,3259,28,,32,4,6,2,11.2,29.2,35.1,53.7,4.6,6.8,2,3.8,47.1,6.6,3.1,5,6.4,28,6.4,28,6.4,28,6.4,28
317,170,170,5,806,5,798,5,784,5,768,5,786,20,7,40,8,11,3,5.9,3.2,89.2,95.5,0,0,3.4,1.2,1.6,0.1,12.7,29,18.8,32,18.8,32,18.8,32,18.8,32
318,385,385,4,1663,4,1660,4,1661,4,1612,4,1698,44,7,17,5,17,4,83.3,89.2,6.4,4.5,1.5,3.2,2.8,0.6,6,2.5,17.1,124,6.8,26,6.8,26,6.8,26,6.8,26
319,718,719,5,3294,5,3305,4,3095,4,2989,4,2944,41,3,24,5,14,5,36.9,54.9,25.1,29.1,7.7,7.7,2,2.5,28.3,5.7,23.6,111,5.4,39,5.4,39,5.4,39,5.4,39
320,264,264,4,1000,4,1067,4,1077,4,945,3,884,45,12,20,8,24,6,87.8,91.5,4.4,4.5,2.3,0.5,1.1,1.2,4.3,2.3,10.7,69,0.9,2,0.7,2,0.7,2,0.7,2
321,217,217,5,1193,5,1186,5,1149,5,1121,6,1220,38,13,21,7,11,4,2,1.5,89.5,96,4.5,0,0.7,1.6,3.3,0.9,33.4,436,15.2,33,15.2,33,15.2,33,15.2,33
322,199,199,6,1234,6,1209,6,1147,6,1217,5,1063,23,6,32,4,5,4,26.6,47.9,43.1,40.8,3.6,4.2,3.1,1.2,23.5,5.9,24.9,149,6.2,12,6.2,12,6.2,12,6.2,12
323,564,564,5,2608,5,2602,4,2452,4,2518,4,2356,37,4,28,4,12,3,21.7,39.2,49.3,49.3,2.7,2.5,2.8,2.6,23.5,6.4,18.3,113,3.5,19,3.5,19,3.5,19,3.5,19
324,1367,1367,1,1669,1,1661,1,1658,1,1635,1,1535,39,7,22,6,9,3,64.3,78.6,22,15.2,4.4,2.8,2.6,1.5,6.7,2,11.9,102,28.8,394,28.8,394,28.8,394,28.8,394
325,599,599,5,2783,5,2756,4,2688,4,2565,4,2421,42,10,23,6,11,3,32.3,53.4,49.1,38.8,3.2,3.8,2.3,1.3,13.2,2.8,33.6,507,7.4,44,7.4,44,7.4,44,7.4,44
326,152,152,6,962,6,959,6,938,6,935,7,1061,37,11,23,9,18,6,3.5,1.4,91,96,0.2,0,2.2,1.1,3,1.4,17.7,126,3.1,5,3.1,5,3.1,5,3.1,5
327,230,230,7,1710,7,1708,7,1685,7,1658,7,1689,36,14,32,13,21,5,8.4,17,66.8,72.5,3.1,2.3,4.3,1.7,17.4,6.5,2.9,5,13.2,30,13.2,30,13.2,30,13.2,30
328,727,728,2,1097,2,1099,2,1093,1,1043,1,909,53,12,10,9,24,4,36.5,68.2,47.6,24.8,4,3.6,1.9,1.4,10,2,10.3,26,17.1,124,17.1,124,17.1,124,17.1,124
329,470,470,4,2061,4,2063,4,2057,4,1895,2,969,40,8,21,9,8,6,17.4,44.8,68.7,46,3.5,5.3,2.5,1.6,7.9,2.3,5.1,19,33.7,159,8.7,41,8.7,41,8.7,41
330,641,620,3,2239,3,2149,3,2117,3,1988,1,896,30,4,38,3,5,2,28.6,75.1,58.3,20.2,1.7,1,2.6,1.8,8.8,1.9,3.3,12,10.7,69,11.1,69,11.1,69,11.1,69
331,1306,1303,1,1617,1,1617,1,1607,1,725,0,452,30,3,17,9,1,2,30.1,50,46.6,43.8,6.6,2,5.2,2.9,11.4,1.3,1.4,4,33.4,436,34.3,447,34.3,447,34.6,451
332,596,596,3,1861,3,1769,3,1630,2,1368,1,638,33,3,25,7,6,4,43.3,73.1,46.3,25.1,3.1,0,1.5,0,5.7,1.7,4.2,11,31.6,188,31.6,188,31.6,188,31.6,188
333,619,619,5,3039,5,2959,5,2883,5,2813,4,2600,31,8,30,5,9,5,30.5,54.1,46.6,31.9,9.3,8,2.8,2.7,10.8,3.3,13.9,36,18.5,114,18.5,114,18.5,114,18.5,114
334,399,399,2,743,2,742,2,738,2,725,0,0,30,2,18,12,0,1,16.7,,21.9,,52.4,,5,,4,,24.5,161,0,0,0,0,0,0,0,0
335,859,859,4,3376,4,3324,4,3141,3,2951,1,552,42,4,27,6,19,5,71.9,93,8.8,4.3,9.4,1.3,2.8,0.4,7.1,1.1,7.6,56,11.9,102,12.5,107,12.5,107,14.3,123
336,1512,1512,3,4996,3,4896,3,4612,2,3350,1,1160,31,1,23,5,5,3,37.7,64.4,44.4,25.3,7,6.8,3.3,1.5,7.7,2.1,15.9,22,33.6,507,33.5,507,36.4,551,36.4,551
337,710,715,3,1983,3,1939,3,1934,3,1837,1,407,40,7,24,6,3,3,70,90.7,19,3.4,5.3,1.5,2.4,2,3.3,2.5,17.4,277,17.7,126,17.6,126,17.6,126,17.6,126
338,153,153,15,2223,14,2216,11,1739,7,1141,6,917,32,2,13,7,4,3,29.9,0.7,62.8,97.4,1.8,0.2,2.5,1.3,2.9,0.4,2.3,7,3,5,3,5,3,5,10.6,16
339,254,254,7,1697,6,1575,5,1218,3,666,0,76,28,2,6,1,0,1,71.6,19.7,15.5,80.3,6.9,0,1.1,0,5,0,0.1,0,10.3,26,10.3,26,10.8,27,12.6,32
340,376,376,19,6985,18,6789,17,6544,15,5621,6,2345,31,,4,3,6,2,66,58.3,25.3,36.8,3.6,1.6,1.8,1.6,3.3,1.8,9.5,19,5.1,19,5.1,19,5.7,21,5.7,21
341,369,369,12,4482,12,4355,11,4062,11,4182,6,2037,31,,13,4,6,3,38.8,21.7,51.3,73.7,3.3,0.5,1.3,2.4,5.3,1.7,7.1,18,3.3,12,3.3,12,3.3,12,3.8,14
342,280,280,2,615,2,631,2,523,2,443,0,1,27,,5,5,4,5,75.6,,11.5,,8.8,,1.1,,2.9,,2,14,1.4,4,1.4,4,1.4,4,1.4,4
343,260,260,6,1637,6,1618,7,1728,5,1290,7,1770,36,3,18,6,5,2,73.5,44.2,14.9,46.6,3.6,2.3,2.8,2.8,5.2,4.2,1.4,4,4.2,11,4.2,11,4.7,12,4.7,12
344,262,262,6,1668,6,1640,6,1486,5,1317,3,882,33,4,12,6,7,3,46.2,18.1,40.5,65.2,1.5,2.8,2.4,3.3,9.3,10.5,1.9,12,13.9,36,13.9,36,13.9,36,13.9,36
345,655,668,1,937,1,933,1,927,1,872,1,635,27,2,28,2,3,3,63.6,94.9,25.7,3.6,2.2,0,2.5,0.5,6,1,6.3,61,24.5,161,24,161,24,161,24,161
346,730,730,4,2882,4,2850,4,2811,3,2514,3,2474,31,8,29,7,9,2,19.6,44.8,59.9,39.5,8.9,5.7,3.4,2.6,8.2,7.4,2.6,9,7.6,56,7.6,56,7.6,56,7.6,56
347,140,140,6,865,6,864,5,660,4,590,6,862,32,8,25,7,4,3,10,0.8,82.2,95.1,0.5,0,3.6,0.2,3.7,3.8,0.6,5,15.9,22,15.9,22,16.7,23,16.7,23
348,1591,1591,2,3206,2,3200,2,3170,2,3083,1,2335,38,,25,6,14,3,58.3,84.5,33.1,13,1.9,1,2,0.8,4.7,0.7,3,13,17.4,277,17.4,277,17.4,277,17.4,277
349,297,297,7,2037,7,2030,7,2002,6,1928,4,1113,30,4,27,7,9,4,60.3,91.4,15,3.9,13,2.1,2.1,1.2,9.5,1.5,26.5,376,2.3,7,2.7,8,2.7,8,2.7,8
350,312,312,5,1586,5,1581,5,1559,5,1474,5,1445,41,7,22,9,17,6,84.9,94.2,4.2,2.6,2.2,1.2,1.4,0.6,7.3,1.5,21,104,0,0,0.2,1,0.2,1,0.2,1
351,202,202,6,1210,6,1201,5,1093,5,1010,5,942,35,6,33,10,12,4,70.8,74.8,15.6,14.2,6.7,5.3,2.9,1.7,4,4.1,2.8,22,9.5,19,9.5,19,9.5,19,9.2,19
352,254,254,10,2501,10,2501,10,2499,9,2379,8,1924,32,4,28,7,9,4,66.9,86.6,14,4.9,8.2,4.3,2.8,2.3,8.2,1.9,19.3,262,1.9,5,1.9,5,1.9,5,1.9,5
353,686,686,4,2613,4,2610,4,2552,4,2405,3,2224,40,5,23,7,19,6,90,92.4,2.9,3.4,2.7,1.7,2,1.2,2.4,1.3,4.1,20,2.1,14,2.1,14,2.1,14,2.1,14
354,256,256,7,1791,7,1791,7,1791,8,1937,4,1028,31,5,20,9,7,3,69,77.7,11.1,6.4,5.6,5.3,2.8,4.5,11.5,6.1,3.8,10,1.5,4,1.5,4,1.5,4,1.5,4
355,637,634,3,2119,3,2119,3,2119,3,1894,2,1005,33,3,18,7,2,2,53.8,83.3,12.1,7.6,21.9,3.9,3.2,1.5,9,3.8,3.6,13,1.9,12,1.9,12,1.9,12,1.9,12
356,976,977,5,4847,5,4825,5,4806,5,4416,2,1919,41,,27,5,6,3,78.6,90.8,7.1,2.2,8.7,3.8,1.9,1.2,3.8,2,2.6,19,6.3,61,6.3,61,6.6,65,5.8,57
357,346,346,8,2692,8,2687,7,2583,6,2139,7,2375,36,,17,6,13,2,80.3,85.7,10.1,8.9,2.4,1.7,1.7,1.1,5.5,2.6,4.6,51,2.7,9,2.7,9,2.7,9,2.7,9
358,823,823,4,3559,4,3203,4,3173,4,3051,3,2495,40,,23,4,17,3,88.4,93.2,3.8,1.8,2.6,1.7,1.7,1,3.6,2.3,8,26,0.6,5,0.7,6,0.7,6,1.7,14
359,416,416,5,2257,5,2252,5,2245,5,2129,5,2014,49,,17,7,34,7,93,95.2,1.6,1.4,1.9,1,1.1,0.5,2.4,1.8,9.8,46,3,13,3.7,15,4,17,4,17
360,1419,1419,3,4411,3,4396,3,4230,3,3956,2,2572,32,,24,4,4,1,37.1,70.2,44.2,22.2,2.8,2.1,3.3,2.3,12.6,3.3,7.7,107,27.2,386,27.2,386,27.2,386,27.2,386
361,496,496,3,1509,2,1140,2,1124,2,994,4,2101,41,,16,6,12,6,10.5,9.1,83.6,86.5,1.3,0.8,2.2,1.2,2.4,2.3,5.5,108,20.9,104,19.8,98,20,99,20,99
362,814,814,4,3174,4,3184,4,3089,4,2875,4,2915,42,,22,5,17,3,1.9,1,90.3,97.3,0.1,0,1.8,0.8,5.8,0.8,2.3,19,2.8,22,2.8,22,2.8,22,2.8,22
363,1361,1361,2,2983,2,2967,2,2912,2,2340,2,2628,34,,24,5,15,3,3.2,0.8,85.9,86.8,3.6,3.5,1.3,1.6,5.9,7.3,14,58,19.3,262,19.3,262,19.3,262,19.3,262
364,483,483,6,2864,6,2852,6,2745,5,2426,5,2216,42,,29,6,22,4,97.4,98.8,0.2,0.5,0.2,0.3,0.7,0.2,1.4,0.2,1.9,19,4,19,4,19,4,19,4,19
365,270,269,6,1710,6,1686,6,1657,5,1217,5,1304,35,,16,7,9,4,59,72.9,24.3,18.2,1.1,1.3,2,2.7,13.6,5,18.6,214,3.7,10,3.8,10,3.8,10,3.8,10
366,348,348,2,784,2,796,2,738,2,662,3,1082,34,,18,5,6,4,63.4,51.2,21.1,36.1,2,1.4,2.9,3.2,10.6,8,9.7,105,3.6,13,3.6,13,3.6,13,3.6,13
367,731,731,8,5562,7,4866,6,4469,6,4053,5,3961,31,,15,3,5,2,85.4,79.7,8.6,16.3,1.6,0.8,1.7,1.3,2.7,1.9,3.6,33,2.6,19,2.6,19,2.5,18,2.5,18
368,1111,1111,3,3038,3,3038,3,3038,3,2839,3,2906,37,,19,5,10,2,58.9,75.2,14.4,11.5,2.5,4.4,3.3,2.1,20.9,6.7,2.8,30,4.6,51,4.6,51,4.6,51,4.6,51
369,329,329,3,1144,3,1022,4,1269,4,1197,4,1413,29,,34,4,7,2,2.4,1.6,90.3,88.1,0,0.4,3.2,1.3,4.1,8.6,2.9,54,8.6,28,8.6,28,8.6,28,8.6,28
370,472,472,7,3257,7,3218,7,3134,6,2652,7,3191,23,,41,6,5,2,4.9,4.4,82.2,79.5,1.2,0.8,1.8,2.2,10,13.1,1.6,8,9.9,46,9.9,46,9.9,46,9.9,46
371,1395,1395,4,6089,4,5976,4,5765,5,7442,5,6970,37,,25,3,14,2,6.9,10,67.3,79.7,1.3,0.8,2.1,1.4,22.3,8.1,11.3,49,7.7,108,7.7,108,7.7,108,7.7,108
372,1956,1967,6,11854,6,11779,6,11745,6,11123,3,5493,36,,32,3,9,1,65,84.2,22.6,10.1,4.6,2.4,2.6,1.3,5.1,2.1,2.8,17,5.5,108,5.5,108,5.5,108,6.8,134
373,855,855,3,2549,3,2513,3,2500,3,2386,3,2447,47,,21,6,26,5,91.3,95.2,3,1.9,1.3,1.3,1.6,0.6,2.8,1.1,3.1,11,2.3,19,2.3,19,1.3,11,1.3,11
374,417,417,6,2520,6,2487,6,2483,5,2269,6,2588,41,,22,5,15,4,1.4,0.5,87.3,83,1.5,0,1.1,1.2,8.7,15.3,8.6,68,14,58,14,58,14,58,14,58
375,990,990,2,2407,2,2401,2,2371,3,2481,3,2577,43,,30,6,18,5,94.3,95.1,1.3,1.4,2,1.8,1.2,0.4,1.2,1.3,8.2,23,1.9,19,1.9,19,1.9,19,1.9,19
376,1151,1151,4,4161,3,3995,3,3940,3,3635,3,3025,36,,26,4,12,3,49.9,74.4,37.6,20.1,2.8,2,2.6,1.4,7,2.1,17.6,314,16.6,191,16.6,191,16.6,191,16.6,191
377,1081,1081,5,5686,5,5595,5,5510,5,4982,1,823,32,,27,5,6,2,29,54.8,54.3,33.8,5.2,6.7,2.4,1.1,9.1,3.6,7,28,9.7,105,9.7,105,9.7,105,9.7,105
378,914,914,5,4397,5,4350,5,4233,4,3993,4,3897,34,,19,4,6,2,84.2,79.6,8.2,14.5,1.6,1.7,2.8,1.1,3.2,3.1,1.1,13,3.6,33,3.6,33,3.7,34,3.7,33
379,1074,1074,4,4212,4,4202,4,4160,4,4029,3,3405,43,,32,5,10,3,85.9,92.5,3.9,2.9,5.9,2.5,1.2,0.7,3.1,1.4,6.4,17,2.7,29,2.7,29,5.5,59,5.5,59
380,1882,1881,3,5722,3,5726,3,5700,3,5426,3,4843,41,,31,3,10,2,85.2,91.4,3.5,3,5.7,3.2,2.2,1.1,3.4,1.4,1.4,8,2.8,53,2.8,53,2.8,53,2.9,54
381,492,493,7,3662,6,3092,6,3071,6,2933,6,3053,32,,15,4,9,2,71.6,69.4,16.3,17.8,3,2,2.4,2.4,6.8,8.4,1.4,20,1.6,8,1.6,8,1.6,8,2.6,13
382,434,434,7,3033,7,3050,7,3015,6,2762,8,3590,23,,15,4,9,3,5.1,1.1,82.4,94.2,0.7,0.3,3.3,1.1,8.5,3.4,0.6,6,11.3,49,11.3,49,11.3,49,11.5,50
383,618,618,7,4136,7,4093,7,4077,6,3722,7,4287,30,,32,4,7,2,44.4,52.8,15.9,15.6,4.1,5.6,2,2.1,33.6,24,7.3,29,2.8,17,2.8,17,2.8,17,2.8,17
384,347,347,11,3648,11,3661,9,3122,6,2243,2,854,28,,7,4,6,3,59.5,37.8,31.7,59.1,2.9,0.7,2.5,1.3,3.3,1.1,8.9,56,3.1,11,3.1,11,6.7,23,5.5,19
385,792,792,6,4853,6,4811,6,4371,6,4524,6,4893,31,,26,4,11,2,15.6,23.9,68.4,66.5,7.1,3.3,2.6,2.2,6.3,4.1,33.3,1496,8.6,68,8.6,68,8.6,68,8.6,68
386,278,278,7,1958,7,1955,7,1898,6,1556,8,2228,36,,14,4,11,3,14.9,5.1,76.3,76.6,2.1,10.5,2.5,2.2,4.1,5.6,4.9,7,8.2,23,8.2,23,8.6,24,8.6,24
387,1780,1788,1,2299,1,2327,1,2282,1,2503,1,2560,35,,22,5,11,3,17.8,34,68.6,50,5,7.4,2.4,2.9,6.2,5.7,22.7,63,17.6,313,17.5,313,17.5,313,17.5,313
388,398,398,5,2075,5,2053,4,1728,4,1473,5,2028,33,,20,5,9,3,30.3,4.3,64.4,92.2,1,0.6,1.9,0.9,2.4,2,21,137,7,28,7,28,5,20,5.6,22
389,1100,1100,9,9424,9,9359,8,8826,8,8893,7,8219,35,,24,3,14,2,33.4,47.2,27.6,28.2,5.3,7.2,1.9,2,31.7,15.5,7.7,51,1.1,13,1.1,13,1.1,13,1.2,13
390,267,267,6,1480,6,1468,6,1475,5,1397,4,1063,38,6,9,7,8,3,53.8,70.4,20.8,16.2,15.9,3.6,3.3,4.1,6.2,5.7,6.1,55,6.1,16,6.1,16,6.1,16,6.1,16
391,562,562,4,2350,4,2348,4,2284,4,2285,4,2499,38,,20,6,15,5,86.5,93.4,7,3.8,1.2,1.1,1.5,0.7,3.9,1,21.5,211,1.3,7,1.7,10,1.7,10,1.7,10
392,1467,1467,7,10154,7,10259,7,10051,6,8781,5,8053,37,,24,3,15,2,93.3,95.9,2.6,2.1,1.3,0.5,1,0.4,1.8,1.1,26.6,476,1.4,20,1.4,20,1.4,20,1.3,20
393,998,998,6,5518,6,5788,6,5917,5,4919,5,5128,33,,12,3,12,3,74.6,78.3,6.3,7.6,2.6,3.7,1.2,2.2,15.3,8.2,14,57,0.6,6,0.6,6,0.6,6,0.6,6
394,393,393,7,2942,7,2935,7,2882,6,2546,6,2441,36,,18,4,17,4,58,64,26.5,26.6,1.7,1.2,2.6,2.4,11.3,5.8,9.4,54,7.5,30,7.5,30,7.5,30,7.5,30
395,631,631,3,1576,3,1580,2,1568,2,1506,2,1000,49,8,17,4,29,4,77.5,86.6,8.2,7.2,4.3,2.2,2.3,1.1,7.8,2.9,9.8,135,9.1,57,9.1,57,9.1,57,9.1,57
396,4494,4494,1,2786,1,2737,1,2670,1,2526,0,2197,46,2,21,3,16,4,87.3,96,3.6,1,0.9,0.2,2.3,1.3,5.9,1.5,21.2,316,33.8,1520,33.8,1520,33.8,1520,33.8,1520
397,151,151,13,1918,12,1846,10,1566,10,1500,3,517,38,7,6,5,7,4,80.9,92.1,9.9,2.2,3.7,1.3,1.3,1,4.3,3.5,5.5,61,4.9,7,4.9,7,4.9,7,4.9,7
398,279,279,2,672,2,643,2,588,2,464,0,1,54,18,0,2,32,15,87.9,,5.4,0,1.7,,1.3,,3.7,,11.8,108,18,50,17.8,50,17.8,50,18,50
399,653,651,3,2072,3,2031,3,2021,3,1862,2,1165,35,3,28,8,4,3,84.5,88.7,6.6,4.8,2.4,0.9,1.3,1,5.3,4.6,7.9,20,23,150,23.2,151,23.2,151,23.1,150
400,663,663,4,2528,4,2528,4,2526,4,2478,3,2226,42,4,27,5,13,4,87.8,93.6,2.4,2.3,6.9,2.9,1.4,0.6,1.4,0.6,24.7,129,7.1,47,7.1,47,7.1,47,7.1,47
401,901,901,2,2192,2,2189,2,2184,2,2089,2,2023,41,6,22,6,11,3,82.7,91.5,6.7,4.1,1.1,0.9,2,1.3,7.5,2.2,17.5,354,6.1,55,6.1,55,6.1,55,6.1,55
402,983,983,2,1582,2,1584,2,1596,2,1547,1,1315,53,7,19,7,28,4,86,94.9,6.3,2.9,2.1,0.5,1.8,0.7,3.9,1.1,11.3,134,21.7,213,21.7,213,21.7,213,21.7,213
403,1789,1789,1,1964,1,1927,1,1741,1,1627,1,1114,46,10,27,5,15,3,82.7,92.5,6.8,2.5,2.5,1.7,1.8,2.4,6.2,0.9,4.5,10,26.6,475,26.6,475,26.1,467,26.1,467
404,408,408,5,2079,5,2069,5,2081,5,1865,4,1534,34,13,17,10,18,7,57.7,71.2,17.4,20.3,1.2,0.9,3.3,0.4,20.3,7.2,11.5,78,13.8,57,13.8,57,13.8,57,13.8,57
405,573,573,6,3471,6,3474,6,3460,6,3175,0,233,33,2,32,8,5,2,82.4,92.4,6.5,1.3,2.3,0.7,1.9,0.9,6.9,4.7,17.8,151,9.5,54,9.5,54,9.5,54,9.5,54
406,1378,1379,2,2184,2,2146,1,2000,1,2051,1,1763,50,5,10,4,20,1,83.9,90.6,8.3,5.3,3,0.9,1.5,1.6,3.3,1.6,10.1,57,9.8,135,9.8,135,9.8,135,9.8,135
407,1495,1495,1,1893,1,1869,1,1844,1,1703,1,1371,52,13,18,12,28,4,77.2,94.8,12.4,2.8,5.2,0.7,2.5,1.2,2.8,0.7,2.2,29,21.2,316,21.2,316,21.2,316,21.2,316
408,1111,1111,2,2713,2,2713,2,2690,3,2975,1,1599,48,4,20,5,23,5,82.8,94.4,7.5,2.9,1.5,0.2,1.8,0.6,6.3,1.8,30.1,218,5.5,62,5.5,62,5.5,62,5.5,62
409,919,994,3,2832,3,2826,3,2772,3,2484,2,1524,44,2,32,6,14,5,93,93.2,2.1,2.6,2.2,2,1.4,1.3,1.3,1,29.2,919,11.8,108,10.9,108,10.9,108,10.9,108
410,246,263,7,1722,7,1718,7,1720,5,1290,5,1213,47,12,12,6,19,9,91.2,95.6,3.1,0.9,1.2,0.8,2.5,0.5,2,2.1,37.9,1104,7.9,19,7.4,19,7.4,19,7.4,19
411,523,522,3,1559,3,1561,3,1546,3,1392,0,215,31,5,36,7,6,4,79,88,8.8,6.7,1.5,3.2,1.6,0.7,9.2,1.3,11.2,121,25.9,135,25.3,132,25.3,132,25.9,135
412,2017,2018,0,675,0,667,0,654,0,604,0,576,48,3,34,19,14,8,94.4,93.8,2.2,3.8,0.5,0.2,1.3,1.2,1.7,1,29.6,471,17.5,354,17.5,354,17.5,354,17.5,354
413,1183,1183,3,3836,3,3836,3,3805,3,3581,2,1870,39,3,31,6,6,3,88.2,92.6,4.9,3.5,1.7,1,1.5,1.2,3.7,1.7,4.8,24,11.3,134,11.3,134,11.3,134,11.3,134
416,212,212,8,1625,8,1625,8,1625,6,1279,1,122,30,4,16,7,3,3,66.1,77.8,17.4,15.5,5.9,4.1,3.9,0,6.6,2.4,33.2,464,4.5,10,4.5,10,4.5,10,4.5,10
417,684,684,3,2177,3,1980,3,1980,3,1904,1,772,34,3,28,7,10,4,74.1,84.1,10.3,5.3,5.7,3.2,2.6,1.8,7.3,5.6,47.1,304,9.6,66,9.6,66,9.6,66,9.6,66
418,849,846,4,3309,4,3309,4,3309,4,3100,1,1249,33,3,36,6,6,3,80.6,89.4,6.4,5.1,4.9,2.4,2.3,0.5,5.7,2.6,28.6,207,18.6,158,18.7,158,18.7,158,18.7,158
419,563,566,5,3094,5,3097,5,3094,5,3025,3,1920,41,5,31,7,6,4,89.2,92.3,3.8,4.7,1.8,0.8,1.8,0.8,3.5,1.4,30.5,404,11.1,63,11.1,63,11.1,63,11.1,63
420,1299,1299,2,2740,2,2721,2,2644,2,2485,1,1918,38,3,28,5,11,3,86.6,92.1,4.5,3.6,3,2.5,1.4,0.7,4.5,1.2,18.2,43,2.2,29,2.2,29,2.2,29,2.2,29
421,724,724,2,1719,2,1607,2,1392,2,1193,0,97,33,4,28,6,8,4,72.9,94.9,13.2,5.2,7.4,0,2.6,0,3.9,0,27.7,1038,30.1,218,30.1,218,30.1,218,30.1,218
422,3154,3154,1,2133,1,2133,0,1520,1,1878,0,1233,29,7,27,8,6,2,65.5,80.4,7.4,4.3,1.1,1.7,2.7,2.6,23.4,11,22.7,109,29.2,919,29.2,919,29.2,919,29.2,919
423,2911,2911,1,2158,1,2075,1,2042,1,1847,1,1479,41,5,23,6,10,3,84.6,93.1,7.7,2.7,2.8,1.4,1.9,1.2,3,1.6,4,16,38,1107,38,1107,38,1107,38,1107
424,1084,1114,2,1694,2,1689,2,1690,1,1479,1,1424,56,7,14,7,24,7,92.6,95.1,1.6,2.8,2.3,0.5,1.6,0.5,2,1.2,49.8,1755,10.8,117,10.5,117,10.5,117,11.3,126
425,1592,1592,1,1231,1,1211,1,1204,1,1158,1,900,46,4,26,9,9,3,90.8,94.3,4.2,3.1,2.8,1.2,0.8,1.1,1.5,0.2,40.9,884,29.7,472,29.7,472,29.7,472,29.7,472
426,499,499,4,2045,4,2045,4,2047,4,1982,3,1633,44,2,23,4,11,4,69.3,82.6,12.2,8.1,4.3,3.1,2.5,1.1,11.7,5.2,17.9,83,4.5,22,4.5,22,4.5,22,4.5,22
428,1398,1398,1,1546,1,1503,1,1431,1,1478,1,1008,47,10,21,12,19,4,67,81.2,9.5,2.5,2.8,0.2,2.8,2.9,17.9,13.3,8.6,24,34,475,34,475,34,475,34,475
430,646,646,5,3066,5,2962,4,2821,4,2460,3,1655,39,12,26,7,27,6,44.8,56,28.4,26,4,2.5,2.8,2.3,20,13.1,17.3,66,47.7,308,47.6,308,47.6,308,47.6,308
431,721,721,3,1852,3,1834,3,1812,2,1778,2,1366,35,8,28,11,8,3,64.6,87.6,14.6,5.9,2.6,1.2,3.1,1.8,15.1,3.5,10.8,73,29.2,211,29.2,211,29.2,211,29.2,211
432,1322,1322,2,2650,2,2607,2,2558,2,2632,2,2786,44,2,23,4,11,2,87.5,91.7,4.1,3.3,2.4,1.8,2.7,1.7,3.2,1.5,32.6,228,30.6,404,30.6,404,30.6,404,30.6,404
433,238,238,4,1007,4,1004,4,1004,4,998,4,988,47,3,19,8,12,5,87.4,93.7,4.7,1.8,1.7,2.3,3.4,0.5,2.8,1.6,16.9,206,19.9,47,19.9,47,19.9,47,19.9,47
434,3751,3750,1,3302,1,3191,1,2845,1,2447,0,548,44,4,30,6,12,4,72,81.9,15.7,11,4.9,1.8,2.7,0.9,4.7,4.4,27.3,227,27.5,1032,27.8,1041,27.8,1041,27.8,1041
435,479,479,1,628,1,607,1,568,1,625,1,574,59,5,6,7,30,14,85.9,90.8,6.6,4.9,1.4,3,1.3,0.2,4.8,1.2,5,51,22.6,108,22.6,108,22.6,108,22.6,108
436,401,401,4,1609,4,1602,4,1598,4,1678,3,1274,36,7,28,7,11,4,65.5,87.5,16.3,6,1,1.7,3.2,1.4,14.1,3.3,14.4,1114,3,12,3,12,3,12,3,12
437,3527,3514,1,3151,1,2951,1,2473,1,2124,1,1757,33,2,27,6,11,4,70.5,71.6,18,19.6,0.9,1.3,1.6,1,9,6.6,32.7,990,49.8,1755,49.9,1755,49.9,1755,49.9,1755
438,2159,2159,1,2230,1,1957,1,1245,0,612,0,392,43,5,23,7,16,6,89.5,92.8,4.9,1,0.8,0.3,2.3,1,2.5,4.9,16.4,195,41.1,888,41.1,888,41.1,888,41.1,888
442,463,463,4,2032,4,2017,4,1980,4,1930,4,1911,37,4,20,5,10,3,43.6,64.1,26.1,23.8,2.9,3.3,4,2.1,23.4,6.8,18.4,133,19,88,12.9,60,13.6,63,13.6,63
443,276,276,6,1713,6,1713,6,1709,6,1672,4,1112,40,3,26,8,4,3,62.7,81.3,12.6,8.4,12.6,3.9,3.6,1.8,8.5,4.7,22.8,511,11.5,32,9.4,26,9.4,26,9.4,26
444,378,378,6,2238,6,2238,6,2226,6,2341,5,1870,34,7,24,7,9,4,65,80.6,9.6,9.1,5.2,3.6,2.3,1.8,17.9,4.9,17.4,272,15.6,59,17.1,65,17.1,65,17.1,65
445,672,672,4,2938,4,2935,4,2938,4,2796,4,2697,41,4,27,6,9,2,85.5,90.5,5.6,4.1,2,1.9,2.4,1.5,4.6,1.9,15.2,41,9.1,61,9.1,61,9.1,61,9.1,61
446,697,697,2,1433,2,1362,2,1308,2,1271,1,926,31,2,34,7,5,4,80.8,91.4,10.9,4.2,0.8,0.5,2.4,1.5,5.1,2.5,5,14,34.4,240,34.4,240,34.4,240,34.4,240
447,1217,1217,2,2519,2,2414,2,2356,2,2139,1,622,36,2,30,7,7,3,79.2,88.6,10.7,8.5,1.2,0.5,2.4,0.8,6.5,1.6,11.2,31,16.9,205,16.9,205,16.9,205,16.9,205
448,833,833,4,3294,4,3162,3,2781,3,2476,1,664,32,2,27,6,6,2,84.7,89.5,4.7,0.9,2.5,1.1,1.2,0.9,7,7.7,14.6,146,27.3,227,27.3,227,27.3,227,27.3,227
449,1020,1108,2,2322,2,2347,2,2342,2,2014,1,1500,50,9,22,7,20,5,90.7,93.8,4.2,3.2,1.9,1.4,1.1,0.5,2,1.1,17.9,193,5,51,4.6,51,4.6,51,4.6,51
450,7732,7732,1,4065,1,3978,0,3754,0,3414,0,886,37,5,30,5,6,2,79.8,85.2,11.5,12.6,2.1,0.1,2.1,1.4,4.6,0.7,29.9,1034,14.6,1128,14.6,1128,14.6,1128,14.6,1128
451,3026,3026,1,4158,1,4022,1,3629,1,3202,1,1753,40,1,35,5,8,2,88.2,94,2.7,2.3,2.1,1.1,1.9,0.5,5,2.1,6.1,33,32.9,994,32.9,994,32.9,994,32.9,994
452,1186,1186,1,1695,1,1690,1,1619,1,1379,1,1288,36,6,25,8,14,4,82.6,86,9.3,10.1,1.5,0.6,1.3,1.2,5.3,2.1,12.5,106,16.4,195,16.4,195,16.4,195,16.4,195
453,722,722,3,2003,3,2005,3,2005,3,1863,2,1766,32,4,23,7,10,4,69.1,85.4,14.4,5.8,1.8,1.6,1.8,1.5,12.9,5.6,17.6,54,18.2,131,18.2,131,18.2,131,18.2,131
454,2248,2248,1,1513,1,1512,1,1518,1,1746,0,997,52,6,16,5,19,4,84.3,94.9,7.4,2.4,2.5,1.4,1.5,1.1,4.3,0.2,29.6,848,23,516,23,516,23,516,23,516
455,1567,1567,1,1993,1,1988,1,1988,1,1996,1,1300,45,4,27,6,16,3,87.5,91,4.6,4.9,2,1.4,1.5,0.9,4.4,1.9,18.4,96,17.4,273,17.4,273,17.9,280,17.9,280
456,272,272,4,1089,4,1087,4,1098,4,1118,4,960,81,3,0,1,81,10,94.2,91.6,2.4,4,0.6,1.8,0.3,0.7,2.5,1.9,14.4,133,15.3,41,15.3,41,15.3,41,15.3,41
457,280,280,4,1055,4,1055,4,1058,4,1046,4,1129,44,6,20,6,12,5,91.2,93.8,2.4,2.2,2.7,1.7,0.5,1,3.3,1.3,30.5,846,5.5,15,5.5,15,5.5,15,5.5,15
458,277,277,4,1126,4,1126,4,1127,4,1092,3,824,33,6,35,14,14,9,85.7,87.3,4.8,6.7,3,1.2,1.9,0.5,4.6,4.3,4.9,23,11.3,31,11.3,31,11.3,31,11.3,31
459,1002,1002,3,2776,3,2779,3,2779,3,2626,2,1718,37,6,32,9,13,5,61.7,83.9,19.9,7.8,6.6,3,3.1,1.5,8.7,3.8,17.4,98,14.6,146,14.6,146,14.6,146,14.6,146
460,1076,1076,3,3000,3,3003,3,2961,3,2730,2,2166,34,3,29,4,8,3,72.3,78.1,12.9,13.6,6.4,4.3,2.8,1.5,5.5,2.6,16.1,60,16.5,177,16.5,177,16.3,175,16.5,177
462,3454,3454,1,2255,1,2135,1,2028,1,1860,0,1037,38,2,19,6,9,5,69.2,75.4,5.6,4.9,3.3,0.3,1.4,1.5,20.4,17.9,21,104,29.9,1034,29.9,1034,29.9,1034,29.9,1034
463,531,531,5,2391,5,2391,4,2375,4,2149,4,2243,32,6,26,8,11,4,56.4,75.1,17.8,14.9,0.9,1.9,2.4,1.4,22.6,6.7,7.8,37,6.2,33,6.2,33,6.2,33,6.2,33
464,851,851,4,3567,4,3564,4,3517,4,3172,2,1713,37,2,32,7,6,3,85.9,91.8,5.9,5.9,3.1,1.1,1.5,0.3,3.5,0.9,12,113,12.5,106,12.5,106,12.5,106,12.5,106
465,307,307,4,1252,4,1252,4,1252,4,1282,2,609,33,5,21,6,9,4,73.6,91,11.4,6.1,8.9,1.3,1.6,0.8,4.5,0.8,,,22.7,70,22.7,70,23.3,71,22.7,70
466,2867,2867,1,2592,1,2562,1,2519,1,2349,0,861,41,5,20,6,11,3,68.9,77,17.7,19.9,1.2,0.9,2.9,1.2,9.4,1.1,,,29.6,848,29.6,848,29.6,848,29.6,848
467,523,523,4,2168,4,2161,4,2158,4,1921,2,1127,35,4,35,7,5,2,83,89.4,6,5.3,3.8,2.4,1.7,1.3,5.5,1.6,,,17.2,90,17.7,93,17.7,93,17.2,90
468,927,905,2,1670,2,1882,2,1890,2,1665,2,1619,20,0,5,4,0,1,82,88.6,6.7,4.9,4.3,2.5,2.6,0.9,4.4,3.2,,,15.3,142,15.7,142,15.7,142,15.7,142
469,2771,2783,1,1881,1,1890,1,1871,1,1750,0,980,44,6,28,6,11,3,95.1,95.7,0.6,0.3,1,2.6,1.4,0.8,1.9,0.6,,,30.8,854,30.7,855,30.7,855,30.7,855
470,467,499,5,2336,5,2336,5,2338,4,1770,3,1637,47,5,13,6,20,5,91.8,95.9,2,1.2,1.2,1.5,1.9,0.7,3.2,0.7,,,4.9,23,4.6,23,4.6,23,4.6,23
471,562,562,5,2769,5,2771,5,2777,4,2469,2,1087,34,2,25,7,10,4,76.2,85.2,9.7,9.9,7,0.8,2.5,1.1,4.6,2.9,,,17.5,98,17.5,98,17.5,98,17.5,98
472,374,407,4,1317,3,1310,3,1290,3,1140,2,900,46,3,25,11,20,6,92.7,91.7,3.2,6.7,1.7,0.8,1,0.7,1.5,0.2,,,16.1,60,14.8,60,14.8,60,14.8,60
473,496,486,5,2266,5,2276,5,2235,4,1879,3,1340,37,5,21,6,12,4,67.4,59,20.4,33,2.1,1.7,1.9,2.2,8.2,4.1,,,21.6,107,22.1,107,22.1,107,21.3,103
474,481,502,5,2390,5,2390,5,2382,4,2173,4,1949,41,6,22,6,10,4,91.6,94.4,2.9,1,1.5,1.1,1,0.8,3,2.7,,,7.8,37,7.4,37,7.4,37,7.4,37
475,946,946,3,2723,3,2713,3,2626,2,1775,2,1513,46,6,27,5,24,2,95.6,96.6,1,1.4,0.5,0.2,0.6,0.8,2.3,0.9,,,11.6,109,11.6,109,11.6,109,11.6,109
